sample_id,host_animal_species,host_animal_common,state_of_animal_origin,specimen_source_tissue,final_diagnosis,animal_infection_site_uti
AL36849PPY10008,Felis catus,cat,NC,bile,cholangitis,Not UTI/urine/urinary tract
AL36849PPY10042,Felis catus,cat,AL,ear,myringitis,Not UTI/urine/urinary tract
CO80526PPY10081,Felis catus,cat,CO,urine,uti,UTI/urine/urinary tract
CO80526PPY10093,Felis catus,cat,CO,urine,uti,UTI/urine/urinary tract
FL34741PPY10003,Felis catus,cat,FL,nasal swab,sinus infection,Not UTI/urine/urinary tract
FL34741PPY10021,Felis catus,cat,FL,lung,parvo,Not UTI/urine/urinary tract
GA30602PPY10121,Felis catus,cat,GA,lung,"pyothorax, bronchopneumonia",Not UTI/urine/urinary tract
GA30602PPY10141,Felis catus,cat,GA,urine,no history - light growh of e. coli,Not UTI/urine/urinary tract
IN47907PPY10032,Felis catus,cat,IN,lung,feline panleukopenia virus infection,Not UTI/urine/urinary tract
IN47907PPY10188,Felis catus,cat,IN,urine culture,cystitus,Not UTI/urine/urinary tract
KY40511PPY10062,Felis catus,cat,KY,"liver, lung, intestine","feline panleukopenia, bacterial septicemia",Not UTI/urine/urinary tract
KY40511PPY10094,Felis catus,cat,LA,nasal,aerobic culture,Not UTI/urine/urinary tract
MI48910PPY10082,Felis catus,cat,MI,urine,uti,UTI/urine/urinary tract
MI48910PPY10093,Felis catus,cat,MI,urine,uti,UTI/urine/urinary tract
MO65211PPY10005,Felis catus,cat,MO,urine,uti,UTI/urine/urinary tract
MO65211PPY15019,Felis catus,cat,MO,urine,urine tract infection,Not UTI/urine/urinary tract
NY14853PPY10022,Felis catus,cat,CT,bile,cholangitis,Not UTI/urine/urinary tract
NY14853PPY10165,Felis catus,cat,NY,urine,urinary tract infection,UTI/urine/urinary tract
OH43068PPY10027,Felis catus,cat,OH,intestine,enteritis,Not UTI/urine/urinary tract
SD57007PPY10001,Felis catus,cat,SD,urine,urinary tract infection,UTI/urine/urinary tract
SD57007PPY10089,Felis catus,cat,SD,intestine,uterine adenocarcinoma,Not UTI/urine/urinary tract
TX77840PPY10838,Felis catus,cat,TX,urine and swab,uti,UTI/urine/urinary tract
TX77840PPY11714,Felis catus,cat,TX,urine swab,uti,UTI/urine/urinary tract
WA99164PPY10024,Felis catus,cat,ID,abdomen,septic bowel,Not UTI/urine/urinary tract
WA99164PPY10051,Felis catus,cat,WA,urine,uti,UTI/urine/urinary tract
WI53706PPY10161,Felis catus,cat,WI,urine,urinary tract infection,UTI/urine/urinary tract
WI53706PPY10184,Felis catus,cat,WI,kidney,e. coli,Not UTI/urine/urinary tract
CA95616PPY10009,Gallus gallus,chicken,CA,liver,colibacillosis,Not UTI/urine/urinary tract
FL34741PPY10020,Gallus gallus,chicken,FL,lung,necropsy,Not UTI/urine/urinary tract
FL34741PPY10023,Gallus gallus,chicken,FL,heart,necropsy,Not UTI/urine/urinary tract
GA30602PPY10241,Gallus gallus,chicken,GA,comb swab,pox-like lesions,Not UTI/urine/urinary tract
GA30602PPY10242,Gallus gallus,chicken,GA,cloacal swab,uri,Not UTI/urine/urinary tract
IN47907PPY10070,Gallus gallus,chicken,IN,sinus swab,colibacilliosis,Not UTI/urine/urinary tract
IN47907PPY10207,Gallus gallus,chicken,IN,air sac,colibacillosis/egg yolk peritonitis,Not UTI/urine/urinary tract
KY40511PPY10009,Gallus gallus,chicken,KY,"liver, lung, intestines","septicemia, peritonitis",Not UTI/urine/urinary tract
KY40511PPY10137,Gallus gallus,chicken,KY,oviduct,salpingitis and egg yolk peritonitis,Not UTI/urine/urinary tract
MO65211PPY13006,Gallus gallus,chicken,MO,liver,"mild enteritis--coccidia detected
",Not UTI/urine/urinary tract
NE68583PPY10047,Gallus gallus,chicken,NE,swab,"air sacc ecol ---->lung-airsacculitis(b), escherichia coli",Not UTI/urine/urinary tract
NY14853PPY10134,Gallus gallus,chicken,NY,eye,infection,Not UTI/urine/urinary tract
NY14853PPY10283,Gallus gallus,chicken,NY,liver,pasteurellosis,Not UTI/urine/urinary tract
OH43068PPY10094,Gallus gallus,chicken,OH,yolk sac,omphalitis,Not UTI/urine/urinary tract
PA19348PPY10032,Gallus gallus,chicken,PA,air sac,mixed bacterial infection including e. coli,Not UTI/urine/urinary tract
SD57007PPY10083,Gallus gallus,chicken,SD,liver,enteritis,Not UTI/urine/urinary tract
TX77840PPY10776,Gallus gallus,chicken,TX,coelomic cavity,coelomitis,Not UTI/urine/urinary tract
TX77840PPY11678,Gallus gallus,chicken,TX,yolk sac swab,omphalitis,Not UTI/urine/urinary tract
WA99164PPY10016,Gallus gallus,chicken,WA,liver,bacterial septicemia,Not UTI/urine/urinary tract
WA99164PPY10032,Gallus gallus,chicken,WA,abdomen,bacterial septicemia,Not UTI/urine/urinary tract
WI53706PPY10200,Gallus gallus,chicken,WI,joint swab,bacterial infection,Not UTI/urine/urinary tract
AL36849PPY10005,Bos taurus,cattle,AL,abdominal fluid,gastric torsion,Not UTI/urine/urinary tract
AL36849PPY10073,Bos taurus,cattle,AL,spleen,mycoplasma wenyonii infection,Not UTI/urine/urinary tract
CA95616PPY10001,Bos taurus,cattle,CA,lung,bacterial pleuropneumonia,Not UTI/urine/urinary tract
CA95616PPY10094,Bos taurus,cattle,CA,colon contents,septicemia,Not UTI/urine/urinary tract
CO80526PPY10122,Bos taurus,cattle,WY,lung,subacute interstitial pneumonia,Not UTI/urine/urinary tract
CO80526PPY10133,Bos taurus,cattle,CO,feces,scours,Not UTI/urine/urinary tract
GA30602PPY10161,Bos taurus,cattle,GA,feces,diarrhea,Not UTI/urine/urinary tract
GA30602PPY10163,Bos taurus,cattle,GA,liver,aborted fetus,Not UTI/urine/urinary tract
GA30602PPY10164,Bos taurus,cattle,SC,spleen,sepsis/endotoxemia,Not UTI/urine/urinary tract
IN47907PPY10016,Bos taurus,cattle,IN,lung,omphalophlebitis and septicemia,Not UTI/urine/urinary tract
IN47907PPY10239,Bos taurus,cattle,IN,intestine,neutrophilic and eosinophilic enteritis,Not UTI/urine/urinary tract
KY40511PPY10001,Bos taurus,cattle,KY,small intestine,enteritis,Not UTI/urine/urinary tract
KY40511PPY10114,Bos taurus,cattle,KY,liver,locally extensive necrosuppurative esophagitis,Not UTI/urine/urinary tract
MI48910PPY10006,Bos taurus,cattle,MI,intestine,scours,Not UTI/urine/urinary tract
MI48910PPY10017,Bos taurus,cattle,MI,milk,mastitis,Not UTI/urine/urinary tract
MN55108PPY10004,Bos taurus,cattle,MN,feces,coronavirus,Not UTI/urine/urinary tract
MN55108PPY10220,Bos taurus,cattle,MN,feces,coronavirus,Not UTI/urine/urinary tract
MO65211PPY10016,Bos taurus,cattle,MO,fecal swab,calf diarrhea,Not UTI/urine/urinary tract
MO65211PPY11006,Bos taurus,cattle,IL,feces,diarrhea,Not UTI/urine/urinary tract
NE68583PPY10013,Bos taurus,cattle,NE,intestine,coccidial infection,Not UTI/urine/urinary tract
NE68583PPY10061,Bos taurus,cattle,NE,feces,enteritis,Not UTI/urine/urinary tract
NY14853PPY10001,Bos taurus,cattle,NY,feces,enteritis,Not UTI/urine/urinary tract
NY14853PPY10293,Bos taurus,cattle,NY,feces,enteritis - rotavirus positive,Not UTI/urine/urinary tract
OH43068PPY10005,Bos taurus,cattle,OH,small intestine,enteritis,Not UTI/urine/urinary tract
OH43068PPY10066,Bos taurus,cattle,OH,intestine,enteritis,Not UTI/urine/urinary tract
PA17110PPY10001,Bos taurus,cattle,PA,intestine,"septicemia, enteritis, pneumonia",Not UTI/urine/urinary tract
PA17110PPY10014,Bos taurus,cattle,PA,lung,suspected pneumonia,Not UTI/urine/urinary tract
PA17110PPY10015,Bos taurus,cattle,PA,lung,pneumonia,Not UTI/urine/urinary tract
PA17110PPY10024,Bos taurus,cattle,PA,intestine,enteritis / cryptosporidiosis,Not UTI/urine/urinary tract
SD57007PPY10042,Bos taurus,cattle,NE,kidney,nephritis,Not UTI/urine/urinary tract
SD57007PPY10052,Bos taurus,cattle,SD,liver,enterocolitis,Not UTI/urine/urinary tract
TX77840PPY10779,Bos taurus,cattle,TX,intestine,enteritis,Not UTI/urine/urinary tract
TX77840PPY11064,Bos taurus,cattle,TX,urine,uti,UTI/urine/urinary tract
WA99164PPY10060,Bos taurus,cattle,ID,lung,pneumonia,Not UTI/urine/urinary tract
WA99164PPY10094,Bos taurus,cattle,ID,lung,pneumonia,Not UTI/urine/urinary tract
WI53706PPY10001,Bos taurus,cattle,WI,lung,"coronaviral enteritis, enteric cryptosporidiosis and atrophy of fat",Not UTI/urine/urinary tract
WI53706PPY10162,Bos taurus,cattle,WI,lung,histophilus somni and bibersteinia,Not UTI/urine/urinary tract
AL36849PPY10001,Canis familiaris,dog,NC,prostatic cyst,prostatic cyst,Not UTI/urine/urinary tract
AL36849PPY10052,Canis familiaris,dog,AL,urine,urinary tract infection,UTI/urine/urinary tract
CO80526PPY10041,Canis familiaris,dog,CO,urine,uti,UTI/urine/urinary tract
CO80526PPY10059,Canis familiaris,dog,CO,urine,uti,UTI/urine/urinary tract
GA30602PPY10081,Canis familiaris,dog,GA,liver,"cholecystitis and cholangiohepatitis, fibrinonecrotic, suppurative and lymphoplasmacytic, subacute, regionally extensive with hemorrhage and myriad mixed bacterial populations; cholecystic cystic mucinous hyperplasia, mild, chronic with inspissated secretion",Not UTI/urine/urinary tract
GA30602PPY10103,Canis familiaris,dog,GA,ear,chronic otitis,Not UTI/urine/urinary tract
IN47907PPY10024,Canis familiaris,dog,IN,wound swab,cellulitus,Not UTI/urine/urinary tract
IN47907PPY10174,Canis familiaris,dog,IN,vaginal swab,vaginitis,Not UTI/urine/urinary tract
KY40511PPY10002,Canis familiaris,dog,TN,urine,n/a,Not UTI/urine/urinary tract
KY40511PPY10084,Canis familiaris,dog,AL,urine,aerobic culture/urinary tract infection,UTI/urine/urinary tract
MI48910PPY10083,Canis familiaris,dog,MI,urine,uti,UTI/urine/urinary tract
MI48910PPY10087,Canis familiaris,dog,MI,urine,uti,UTI/urine/urinary tract
MO65211PPY10003,Canis familiaris,dog,MO,urine,uti,UTI/urine/urinary tract
MO65211PPY15006,Canis familiaris,dog,MO,urine,urinary tract infection,UTI/urine/urinary tract
NE68583PPY10034,Canis familiaris,dog,NE,fluid sample,prostatitis,Not UTI/urine/urinary tract
NE68583PPY10133,Canis familiaris,dog,NE,lung,bronchopneumonia,Not UTI/urine/urinary tract
NY14853PPY10003,Canis familiaris,dog,RI,colon biopsy,chronic colitis,Not UTI/urine/urinary tract
NY14853PPY10073,Canis familiaris,dog,NY,vaginal,infection,Not UTI/urine/urinary tract
OH43068PPY10064,Canis familiaris,dog,OH,ear,otitis externa,Not UTI/urine/urinary tract
SD57007PPY10006,Canis familiaris,dog,SD,urine,urinary tract infection,UTI/urine/urinary tract
SD57007PPY10087,Canis familiaris,dog,SD,feces,enteritis,Not UTI/urine/urinary tract
TX77840PPY10812,Canis familiaris,dog,TX,draining tract swab,abscess,Not UTI/urine/urinary tract
TX77840PPY10871,Canis familiaris,dog,TX,urine,uti,UTI/urine/urinary tract
WA99164PPY10004,Canis familiaris,dog,MT,urine,uti,UTI/urine/urinary tract
WA99164PPY10069,Canis familiaris,dog,ID,urine,uti,UTI/urine/urinary tract
WI53706PPY10178,Canis familiaris,dog,WI,lung,"extraintestinal pathogenic e. coli pneumonia; severe, subacute and necrohemorrhagi
septicemia/endotoxemia",Not UTI/urine/urinary tract
WI53706PPY10194,Canis familiaris,dog,WI,feces,e. coli,Not UTI/urine/urinary tract
AL36849PPY10067,Equus caballus,horse,AL,uterine swab,placentitis,Not UTI/urine/urinary tract
AL36849PPY10085,Equus caballus,horse,AL,spleen,sepsis,Not UTI/urine/urinary tract
CA95616PPY10118,Equus caballus,horse,CA,abscess swab,non-healing abscess on pastern; mixed growth,Not UTI/urine/urinary tract
CA95616PPY10185,Equus caballus,horse,CA,vaginal swab,mare with purulent material vaginal floor; fetal death,Not UTI/urine/urinary tract
CO80526PPY10196,Equus caballus,horse,CA,vaginal swab,mare with purulent material vaginal floor; fetal death,Not UTI/urine/urinary tract
CO80526PPY10201,Equus caballus,horse,CA,vaginal swab,mare with purulent material vaginal floor; fetal death,Not UTI/urine/urinary tract
FL34741PPY10002,Equus caballus,horse,FL,joint swab,polysynovitis,Not UTI/urine/urinary tract
FL34741PPY10012,Equus caballus,horse,FL,fecal,19 day old foal w/ acute diarrhea,Not UTI/urine/urinary tract
GA30602PPY10281,Equus caballus,horse,GA,wound swab,chronic draining tract,Not UTI/urine/urinary tract
GA30602PPY10299,Equus caballus,horse,GA,uterine swab,febrile post partum fluid,Not UTI/urine/urinary tract
IN47907PPY10057,Equus caballus,horse,IN,urine - clean free catch,uti,UTI/urine/urinary tract
IN47907PPY10249,Equus caballus,horse,IN,lesion swab,bacterial infection,Not UTI/urine/urinary tract
KY40511PPY10028,Equus caballus,horse,KY,"liver, peritoneum, abscess, ect",peritonitis,Not UTI/urine/urinary tract
KY40511PPY10087,Equus caballus,horse,KY,colon,typhlocolitis,Not UTI/urine/urinary tract
MO65211PPY10032,Equus caballus,horse,MO,uterine swab,endometritis,Not UTI/urine/urinary tract
MO65211PPY14006,Equus caballus,horse,MO,wound swab,wound infection,Not UTI/urine/urinary tract
NE68583PPY10116,Equus caballus,horse,NE,small/large intestine,enteritis,Not UTI/urine/urinary tract
NE68583PPY10163,Equus caballus,horse,NE,skin,dermatitis,Not UTI/urine/urinary tract
NY14853PPY10006,Equus caballus,horse,NY,uterine,endometritis,Not UTI/urine/urinary tract
NY14853PPY10171,Equus caballus,horse,VT,uterine,infection,Not UTI/urine/urinary tract
PA19348PPY10015,Equus caballus,horse,PA,peritoneal fluid,"cecal impaction, septic peritonitis, nephrolithiasis",Not UTI/urine/urinary tract
SD57007PPY10014,Equus caballus,horse,MN,uterine swab,metritis,Not UTI/urine/urinary tract
TX77840PPY10792,Equus caballus,horse,TX,uterine swab,endometritis,Not UTI/urine/urinary tract
TX77840PPY11408,Equus caballus,horse,TX,endometrial swab,endometritis,Not UTI/urine/urinary tract
AL36849PPY10025,Sus domesticus,swine,GA,lung,septicemia,Not UTI/urine/urinary tract
CA95616PPY10013,Sus domesticus,swine,CA,pleural fluid,pleuritis and epicarditis,Not UTI/urine/urinary tract
CA95616PPY10124,Sus domesticus,swine,CA,trachea,tracheitis and bronchopneumonia,Not UTI/urine/urinary tract
GA30602PPY10202,Sus domesticus,swine,GA,colon,sepsis,Not UTI/urine/urinary tract
IN47907PPY10149,Sus domesticus,swine,IN,lung,suppurative bronchopneumonia,Not UTI/urine/urinary tract
MI48910PPY10022,Sus domesticus,swine,MI,intestine,enterotoxigenic e. coli enterocolitis,Not UTI/urine/urinary tract
MN55108PPY10067,Sus domesticus,swine,MN,intestine-5,prrs,Not UTI/urine/urinary tract
MN55108PPY10093,Sus domesticus,swine,MN,intestine,enteritis,Not UTI/urine/urinary tract
IN47907PPY10019,Sus domesticus,swine,IN,feces,colibacillosis,Not UTI/urine/urinary tract
NE68583PPY10022,Sus domesticus,swine,NE,pooled small/large intestine,pulm hemo ---->lung-hemorrhage,Not UTI/urine/urinary tract
NE68583PPY10143,Sus domesticus,swine,NE,lung,e. coli abortion,Not UTI/urine/urinary tract
NY14853PPY10048,Sus domesticus,swine,NY,oral swab,infection,Not UTI/urine/urinary tract
NY14853PPY10153,Sus domesticus,swine,VT,intestine,enteritis,Not UTI/urine/urinary tract
OH43068PPY10025,Sus domesticus,swine,OH,feces,enteritis,Not UTI/urine/urinary tract
OH43068PPY10073,Sus domesticus,swine,OH,small intestine,enteric cryptitis,Not UTI/urine/urinary tract
SD57007PPY10062,Sus domesticus,swine,MN,feces,enteritis,Not UTI/urine/urinary tract
SD57007PPY10076,Sus domesticus,swine,MN,intestine,enteritis,Not UTI/urine/urinary tract
TX77840PPY10787,Sus domesticus,swine,TX,feces,enteritis,Not UTI/urine/urinary tract
WI53706PPY10145,Sus domesticus,swine,WI,pharyngeal tissue,"interstitial pneumonia, intravascular thrombosis, interstitial (urinary bladder) cystitis",Not UTI/urine/urinary tract
WI53706PPY10171,Sus domesticus,swine,WI,lung,pasteurella aerogenes,Not UTI/urine/urinary tract
CA95616PPY10176,Meleagris gallopavo,turkey,CA,liver swab,e. coli septicemia,Not UTI/urine/urinary tract
MN55108PPY10035,Meleagris gallopavo,turkey,MN,joint,reoviral arthritis/tenosynovitis,Not UTI/urine/urinary tract
MN55108PPY10060,Meleagris gallopavo,turkey,MN,lung,ornithobacterium rhinotracheale,Not UTI/urine/urinary tract
MO65211PPY13001,Meleagris gallopavo,turkey,MO,liver,severe multifocal subacute encephalitis,Not UTI/urine/urinary tract
NE68583PPY10166,Meleagris gallopavo,turkey,NE,lung,pneumoniae,Not UTI/urine/urinary tract
OH43068PPY10075,Meleagris gallopavo,turkey,OH,heart swabs,fibrinous pericarditis and peritonitis,Not UTI/urine/urinary tract
SD57007PPY10038,Meleagris gallopavo,turkey,SD,lung,septicemia,Not UTI/urine/urinary tract
WI53706PPY10077,Meleagris gallopavo,turkey,WI,lung,e. coli,Not UTI/urine/urinary tract
AL36849PPY10192,Felis catus,cat,AL,bile,cholecystitis,Not UTI/urine/urinary tract
AL36849PPY20021,Felis catus,cat,AL,lung,pneumonia,Not UTI/urine/urinary tract
AL36849PPY20148,Felis catus,cat,GA,peritoneal fluid,peritonitis,Not UTI/urine/urinary tract
AL36849PPY20163,Felis catus,cat,LA,abscess fluid,wound,Not UTI/urine/urinary tract
CO80526PPY20093,Felis catus,cat,CO,urine,uti,UTI/urine/urinary tract
CO80526PPY20188,Felis catus,cat,MT,urine,uti,UTI/urine/urinary tract
CO80526PPY20255,Felis catus,cat,CO,urine,uti,UTI/urine/urinary tract
CO80526PPY20279,Felis catus,cat,OR,abdomen,peritonitis,Not UTI/urine/urinary tract
FL34741PPY20005,Felis catus,cat,FL,urine,uti,UTI/urine/urinary tract
FL34741PPY20052,Felis catus,cat,FL,intestine,necropsy,Not UTI/urine/urinary tract
FL34741PPY20069,Felis catus,cat,FL,urine,uti,UTI/urine/urinary tract
GA30602PPY20095,Felis catus,cat,GA,urine,uti,UTI/urine/urinary tract
GA30602PPY20108,Felis catus,cat,GA,urine,uti,UTI/urine/urinary tract
GA30602PPY20112,Felis catus,cat,GA,abdominal exudate,spay/ hernia repair infection,Not UTI/urine/urinary tract
IN47907PPY20291,Felis catus,cat,GA,abdominal exudate,spay/ hernia repair infection,Not UTI/urine/urinary tract
IN47907PPY20393,Felis catus,cat,IN,urine,cystitis,Not UTI/urine/urinary tract
IN47907PPY20461,Felis catus,cat,IN,lung pool,colibacillosis,Not UTI/urine/urinary tract
IN47907PPY20571,Felis catus,cat,IN,bile,colibacillosis,Not UTI/urine/urinary tract
KS66506PPY20017,Felis catus,cat,KS,urine,cystitis,Not UTI/urine/urinary tract
KS66506PPY20112,Felis catus,cat,KS,urine,cystitis,Not UTI/urine/urinary tract
KS66506PPY20169,Felis catus,cat,KS,urine,cystitis,Not UTI/urine/urinary tract
KY40511PPY20012,Felis catus,cat,KY,liver,moderate to marked subacute bacterial endometritis (pyometra),Not UTI/urine/urinary tract
KY40511PPY20134,Felis catus,cat,AL,urine,aerobic culture/urinary tract infection,UTI/urine/urinary tract
KY40511PPY20158,Felis catus,cat,WV,ear,aerobic culture /otitis,Not UTI/urine/urinary tract
KY40511PPY20304,Felis catus,cat,KY,urine,urinary tract infection,UTI/urine/urinary tract
LA70803PPY20013,Felis catus,cat,LA,exudate swab,cellulitis,Not UTI/urine/urinary tract
MI48910PPY20040,Felis catus,cat,MI,urine,uti,UTI/urine/urinary tract
MI48910PPY20043,Felis catus,cat,MI,brain,cerebral abscess,Not UTI/urine/urinary tract
MI48910PPY20119,Felis catus,cat,MI,kidney,bacterial septicemia due to cnf1 expressing e.coli,Not UTI/urine/urinary tract
MI48910PPY20147,Felis catus,cat,NC,urine,uti,UTI/urine/urinary tract
MI48910PPY20155,Felis catus,cat,MI,urine,uti,UTI/urine/urinary tract
MI48910PPY20176,Felis catus,cat,MI,urine,uti,UTI/urine/urinary tract
MO65211PPY21206,Felis catus,cat,MO,percutaneous endoscopic gastrostomy site,percutaneous endoscopic gastrostomy site infection,Not UTI/urine/urinary tract
MO65211PPY21216,Felis catus,cat,MO,urine,urine tract infection,Not UTI/urine/urinary tract
MO65211PPY21217,Felis catus,cat,MO,urine,urinary tract infection,UTI/urine/urinary tract
MO65211PPY21231,Felis catus,cat,MO,urine,urinary tract infection,UTI/urine/urinary tract
MS39208PPY20019,Felis catus,cat,MS,urine swab,presence of e. coli in urine,Not UTI/urine/urinary tract
ND58102PPY20036,Felis catus,cat,MN,urine,cystitis,Not UTI/urine/urinary tract
ND58102PPY20137,Felis catus,cat,MN,urine,cystitis,Not UTI/urine/urinary tract
ND58102PPY20190,Felis catus,cat,ND,urine,cystitis,Not UTI/urine/urinary tract
ND58102PPY20299,Felis catus,cat,ND,urine,cystitis,Not UTI/urine/urinary tract
NE68583PPY20003,Felis catus,cat,NE,wound swab,soft tissue infection,Not UTI/urine/urinary tract
NE68583PPY20033,Felis catus,cat,NE,liver,peritoneal effusion w/ serositis,Not UTI/urine/urinary tract
NE68583PPY20138,Felis catus,cat,NE,feces,enteritis,Not UTI/urine/urinary tract
NE68583PPY20223,Felis catus,cat,NE,small intestine,enteritis,Not UTI/urine/urinary tract
NY14853PPY20043,Felis catus,cat,NY,urine,urinary tract infection,UTI/urine/urinary tract
NY14853PPY20295,Felis catus,cat,NY,trachea,respiratory infection,Not UTI/urine/urinary tract
NY14853PPY20368,Felis catus,cat,NY,urine,urinary tract infection,UTI/urine/urinary tract
NY14853PPY20417,Felis catus,cat,NY,urine,urinary tract infection,UTI/urine/urinary tract
NY14853PPY20444,Felis catus,cat,NY,bladder,urinary tract infection,UTI/urine/urinary tract
SD57007PPY20366,Felis catus,cat,MN,urine culture,uti,UTI/urine/urinary tract
SD57007PPY20368,Felis catus,cat,SD,fecal swab,enteritis,Not UTI/urine/urinary tract
TX77840PPY20009,Felis catus,cat,TX,urine,cystitis,Not UTI/urine/urinary tract
TX77840PPY20036,Felis catus,cat,TX,intestine,enteritis,Not UTI/urine/urinary tract
TX77840PPY20125,Felis catus,cat,TX,urine,cystitis,Not UTI/urine/urinary tract
TX77840PPY20171,Felis catus,cat,LA,urine,cystitis,Not UTI/urine/urinary tract
WA99164PPY20127,Felis catus,cat,WA,urine,uti,UTI/urine/urinary tract
WA99164PPY20139,Felis catus,cat,WA,urine,uti,UTI/urine/urinary tract
WA99164PPY20181,Felis catus,cat,ID,urine,uti,UTI/urine/urinary tract
WA99164PPY20234,Felis catus,cat,WA,urine,chronic kidney disease,Not UTI/urine/urinary tract
WI53706PPY20026,Felis catus,cat,WI,lung,feline panleukopenia virus infection,Not UTI/urine/urinary tract
WI53706PPY20133,Felis catus,cat,WI,lung,"virulent systemic calicivirus infection (vasculitis, interstitial pneumonia, hepatocellular necrosis)",Not UTI/urine/urinary tract
CA95616PPY20016,Gallus gallus,chicken,CA,liver swab,e. coli bacteremia,Not UTI/urine/urinary tract
CA95616PPY20072,Gallus gallus,chicken,CA,coelomic cavity swab,coelomitis,Not UTI/urine/urinary tract
CA95616PPY20121,Gallus gallus,chicken,CA,oviduct,"salpingitis, peritonitis salpingoperitonitis",Not UTI/urine/urinary tract
CA95616PPY20219,Gallus gallus,chicken,CA,coelomic cavity,coelomitis,Not UTI/urine/urinary tract
CO80526PPY20028,Gallus gallus,chicken,CO,lung,pnuemonia,Not UTI/urine/urinary tract
FL34741PPY20046,Gallus gallus,chicken,FL,lung,necropsy,Not UTI/urine/urinary tract
FL34741PPY20051,Gallus gallus,chicken,FL,lung,necropsy,Not UTI/urine/urinary tract
FL34741PPY20085,Gallus gallus,chicken,FL,lung,necropsy,Not UTI/urine/urinary tract
IN47907PPY20308,Gallus gallus,chicken,FL,lung,necropsy,Not UTI/urine/urinary tract
IN47907PPY20415,Gallus gallus,chicken,IN,air sac,peritonitis,Not UTI/urine/urinary tract
IN47907PPY20450,Gallus gallus,chicken,IN,trachea,tracheitis and air sacculitis,Not UTI/urine/urinary tract
KY40511PPY20001,Gallus gallus,chicken,KY,liver,e. coli septicemia (colibacillosis),Not UTI/urine/urinary tract
KY40511PPY20115,Gallus gallus,chicken,KY,oviduct,"chronic salpingitis, e. coli, bacterial septicemia.",Not UTI/urine/urinary tract
KY40511PPY20144,Gallus gallus,chicken,KY,tracheal swab,mild diffuse peritonitis,Not UTI/urine/urinary tract
KY40511PPY20182,Gallus gallus,chicken,KY,liver,pneumonia,Not UTI/urine/urinary tract
KY40511PPY20283,Gallus gallus,chicken,KY,colon,acute necrotizing enteritis.,Not UTI/urine/urinary tract
LA70803PPY20014,Gallus gallus,chicken,LA,liver,mycoplasma,Not UTI/urine/urinary tract
MN55108PPY20321,Gallus gallus,chicken,WI,lung,colibacillosis polyserositis,Not UTI/urine/urinary tract
MO65211PPY20607,Gallus gallus,chicken,MO,liver,died,Not UTI/urine/urinary tract
MO65211PPY20622,Meleagris gallopavo,turkey,MO,liver,mycotic encephalitis,Not UTI/urine/urinary tract
MO65211PPY20644,Gallus gallus,chicken,MO,liver,peritonitis,Not UTI/urine/urinary tract
NE68583PPY20155,Gallus gallus,chicken,NE,liver,undetermined,Not UTI/urine/urinary tract
NE68583PPY20166,Gallus gallus,chicken,NE,coelomic swab,fibrinonecrotic enteritis,Not UTI/urine/urinary tract
NY14853PPY20112,Gallus gallus,chicken,NY,yolk sac,infection,Not UTI/urine/urinary tract
NY14853PPY20246,Gallus gallus,chicken,CT,lung,infection,Not UTI/urine/urinary tract
NY14853PPY20357,Gallus gallus,chicken,NY,spleen,sepsis,Not UTI/urine/urinary tract
NY14853PPY20443,Gallus gallus,chicken,NY,oviduct,salpingitis,Not UTI/urine/urinary tract
PA16802PPY20001,Gallus gallus,chicken,PA,pericardium,colisepticemia,Not UTI/urine/urinary tract
PA16802PPY20006,Gallus gallus,chicken,PA,pericardium,polyserositis,Not UTI/urine/urinary tract
PA16802PPY20023,Gallus gallus,chicken,PA,peritoneum 2,bacterial salpingitis,Not UTI/urine/urinary tract
PA16802PPY20040,Gallus gallus,chicken,OH,bone marrow 2,fibrinopurulent pericarditis (e. coli isolated),Not UTI/urine/urinary tract
PA16802PPY20044,Gallus gallus,chicken,OH,peritoneum,ibv,Not UTI/urine/urinary tract
PA16802PPY20061,Gallus gallus,chicken,OH,pericardium 1,bacterial serositis,Not UTI/urine/urinary tract
PA17110PPY20017,Gallus gallus,chicken,PA,feces,suspected enteritis,Not UTI/urine/urinary tract
PA17110PPY20018,Gallus gallus,chicken,PA,oropharyngeal swab,suspected upper respiratory tract infection,Not UTI/urine/urinary tract
PA17110PPY20024,Gallus gallus,chicken,PA,oviduct,salpingitis/ oophorits/ peritonitis,Not UTI/urine/urinary tract
PA17110PPY20037,Gallus gallus,chicken,PA,coelom swab,marek’s disease/enterotyphilits/aspergillois,Not UTI/urine/urinary tract
PA17110PPY20058,Gallus gallus,chicken,PA,oviduct,"salpingoperitonitis, impacted oviduct",Not UTI/urine/urinary tract
PA19348PPY20001,Gallus gallus,chicken,PA,sinus,colibacillosis,Not UTI/urine/urinary tract
PA19348PPY20005,Gallus gallus,chicken,PA,sinus,"infectious coryza, infectious bronchitis, colibacillosis",Not UTI/urine/urinary tract
PA19348PPY20008,Gallus gallus,chicken,PA,yolk,"infectious bronchitis, colibacillosis",Not UTI/urine/urinary tract
PA19348PPY20011,Gallus gallus,chicken,PA,sinus,"infectious coryza, colibacillosis",Not UTI/urine/urinary tract
TX77840PPY20012,Gallus gallus,chicken,TX,hock,arthritis,Not UTI/urine/urinary tract
TX77840PPY20013,Gallus gallus,chicken,TX,stifle,arthritis,Not UTI/urine/urinary tract
WI53706PPY20001,Gallus gallus,chicken,WI,lung,sinusitis/enteritis,Not UTI/urine/urinary tract
WI53706PPY20141,Gallus gallus,chicken,WI,kidney,septicemia,Not UTI/urine/urinary tract
WI53706PPY20281,Gallus gallus,chicken,WI,nasal swab,sinusitis,Not UTI/urine/urinary tract
AL36849PPY10190,Bos taurus,cattle,AL,blood,septcemia,Not UTI/urine/urinary tract
AL36849PPY20067,Bos taurus,cattle,NC,liver,septicemia,Not UTI/urine/urinary tract
AL36849PPY20112,Bos taurus,cattle,AL,lung,pneumonia,Not UTI/urine/urinary tract
AL36849PPY20161,Bos taurus,cattle,AL,lung,pneumonia,Not UTI/urine/urinary tract
CA95616PPY20004,Bos taurus,cattle,CA,liver tissue,e. coli septicemia,Not UTI/urine/urinary tract
CA95616PPY20114,Bos taurus,cattle,CA,lung,e. coli septicemia,Not UTI/urine/urinary tract
CA95616PPY20145,Bos taurus,cattle,CA,liver tissue,e. coli septicemia,Not UTI/urine/urinary tract
CA95616PPY20175,Bos taurus,cattle,CA,lung,interstitial pneumonia with e. coli,Not UTI/urine/urinary tract
CO80526PPY20021,Bos taurus,cattle,CO,prepuce,unknown,Not UTI/urine/urinary tract
CO80526PPY20178,Bos taurus,cattle,CO,feces,diarrhea,Not UTI/urine/urinary tract
CO80526PPY20275,Bos taurus,cattle,CO,feces,diarrhea,Not UTI/urine/urinary tract
FL34741PPY20066,Bos taurus,cattle,FL,milk,mastitis screen,Not UTI/urine/urinary tract
IN47907PPY20292,Bos taurus,cattle,FL,milk,mastitis screen,Not UTI/urine/urinary tract
IN47907PPY20383,Bos taurus,cattle,IN,lung,necrotizing bronchopneumonia/pneumonia and peribronchiolar lymphoplasmacytic cuffing with fibrinous pleuritis,Not UTI/urine/urinary tract
IN47907PPY20445,Bos taurus,cattle,IN,lung,colibacillosis,Not UTI/urine/urinary tract
IN47907PPY20582,Bos taurus,cattle,IN,liver/spleen,necrotizing and lymphoplasmacytic?enteritis,Not UTI/urine/urinary tract
KS66506PPY20083,Bos taurus,cattle,KS,feces,enteritis,Not UTI/urine/urinary tract
KY40511PPY20020,Bos taurus,cattle,OH,lung,bacterial enterocolitis (etiology: e.coli ),Not UTI/urine/urinary tract
KY40511PPY20117,Bos taurus,cattle,KY,small intestine,moderate to marked subacute necrohemorrhagic enteritis,Not UTI/urine/urinary tract
KY40511PPY20152,Bos taurus,cattle,KY,feces,scour,Not UTI/urine/urinary tract
KY40511PPY20172,Bos taurus,cattle,KY,liver,suspect septicemic colibacillosis,Not UTI/urine/urinary tract
KY40511PPY20308,Bos taurus,cattle,KY,lung,right umbilical artery rupture and hemoperitoneum,Not UTI/urine/urinary tract
MI48910PPY20002,Bos taurus,cattle,MI,intestine,enteric and septicemic e. coli,Not UTI/urine/urinary tract
MI48910PPY20051,Bos taurus,cattle,MI,feces,scours,Not UTI/urine/urinary tract
MI48910PPY20138,Bos taurus,cattle,MI,intestine,suspect septicemic colibacillosis,Not UTI/urine/urinary tract
MI48910PPY20174,Bos taurus,cattle,IN,feces,scours,Not UTI/urine/urinary tract
MI48910PPY20218,Bos taurus,cattle,MI,feces,scours,Not UTI/urine/urinary tract
MN55108PPY20049,Bos taurus,cattle,MN,feces,diarrhea,Not UTI/urine/urinary tract
MN55108PPY20053,Bos taurus,cattle,MN,intestine,enterocolitis,Not UTI/urine/urinary tract
MN55108PPY20063,Bos taurus,cattle,MN,liver,purulent hepatitis - non hemolytic escherichia coli,Not UTI/urine/urinary tract
MN55108PPY20082,Bos taurus,cattle,MN,intestine,necrotizing enteritis,Not UTI/urine/urinary tract
MO65211PPY20101,Bos taurus,cattle,IL,"small 
intestine",enterocolitis,Not UTI/urine/urinary tract
MO65211PPY20119,Bos taurus,cattle,MO,small intestine,"died; meconium aspiration; fetal
distress",Not UTI/urine/urinary tract
MO65211PPY20135,Bos taurus,cattle,IL,feces,dead,Not UTI/urine/urinary tract
MO65211PPY20142,Bos taurus,cattle,MO,small intestine,diarrhea,Not UTI/urine/urinary tract
ND58102PPY20027,Bos taurus,cattle,ND,intestine,enteritis,Not UTI/urine/urinary tract
NE68583PPY20009,Bos taurus,cattle,NE,pooled abortion tissues,abortion,Not UTI/urine/urinary tract
NE68583PPY20056,Bos taurus,cattle,NE,lung/liver,bacterial septicemia,Not UTI/urine/urinary tract
NE68583PPY20165,Bos taurus,cattle,NE,si/li,hypoxemia,Not UTI/urine/urinary tract
NY14853PPY20226,Bos taurus,cattle,NY,intestine,enterohemorrhagic e. coli,Not UTI/urine/urinary tract
NY14853PPY20319,Bos taurus,cattle,VT,intestine,enterotoxigenic e. coli,Not UTI/urine/urinary tract
NY14853PPY20427,Bos taurus,cattle,NY,feces,enterotoxigenic e. coli,Not UTI/urine/urinary tract
NY14853PPY20429,Bos taurus,cattle,NY,feces,enterotoxigenic e. coli,Not UTI/urine/urinary tract
NY14853PPY20433,Bos taurus,cattle,NY,feces,enterotoxigenic e. coli,Not UTI/urine/urinary tract
OH43068PPY20014,Bos taurus,cattle,OH,feces,n/a,Not UTI/urine/urinary tract
OH43068PPY20015,Bos taurus,cattle,OH,intestine,acute bacterial enteritis,Not UTI/urine/urinary tract
OH43068PPY20018,Bos taurus,cattle,OH,feces,n/a,Not UTI/urine/urinary tract
OH43068PPY20020,Bos taurus,cattle,OH,small intestine,intestinil colibacillosis,Not UTI/urine/urinary tract
OH43068PPY20071,Bos taurus,cattle,OH,feces,"calves at 10-14 days get scours. calf submitted was lethargic, could not stand, and 10% dehydrated on presentation.",Not UTI/urine/urinary tract
OH43068PPY20073,Bos taurus,cattle,OH,intestine,"several calves age 6 days, severe diarrhea, then death",Not UTI/urine/urinary tract
OH43068PPY20084,Bos taurus,cattle,OH,feces,"diarrhea in 24 hour calf, suspect e. coli",Not UTI/urine/urinary tract
OH43068PPY20088,Bos taurus,cattle,OH,feces,"80% of herd had fever of 104, ruminating and had appetite, fed hay and grain mix. have lost 5 animals.",Not UTI/urine/urinary tract
PA16802PPY20004,Bos taurus,cattle,PA,feces,enteric rotavirus and coronavirus detected,Not UTI/urine/urinary tract
PA16802PPY20022,Bos taurus,cattle,PA,small intestine,enteric coronavirus detected,Not UTI/urine/urinary tract
PA16802PPY20028,Bos taurus,cattle,PA,feces,clinical symptoms,Not UTI/urine/urinary tract
PA16802PPY20050,Bos taurus,cattle,PA,feces 681,e. coli infection,Not UTI/urine/urinary tract
PA16802PPY20054,Bos taurus,cattle,PA,feces,bacterial infection,Not UTI/urine/urinary tract
PA16802PPY20065,Bos taurus,cattle,PA,small intestine,bacterial infection,Not UTI/urine/urinary tract
PA17110PPY20001,Bos taurus,cattle,PA,feces,suspected enteritis,Not UTI/urine/urinary tract
PA17110PPY20004,Bos taurus,cattle,PA,feces,suspected enteritis /cryptosporidiosis,Not UTI/urine/urinary tract
PA17110PPY20005,Bos taurus,cattle,PA,feces,suspected enteritis,Not UTI/urine/urinary tract
PA17110PPY20016,Bos taurus,cattle,PA,feces,suspected enteritis / cryptosporidiosis,Not UTI/urine/urinary tract
PA17110PPY20023,Bos taurus,cattle,PA,peritoneum,peritonitis/ pleuritis/ pneumonia / polyarthritis,Not UTI/urine/urinary tract
PA17110PPY20034,Bos taurus,cattle,PA,lung,pneumonia/enteritis/septicemia,Not UTI/urine/urinary tract
PA17110PPY20044,Bos taurus,cattle,PA,liver,enterotoxigenic colibacillosis/cryptosporidiosi/rotaviral enteritis,Not UTI/urine/urinary tract
SD57007PPY20066,Bos taurus,cattle,IA,lung,bronchopneumonia,Not UTI/urine/urinary tract
SD57007PPY20067,Bos taurus,cattle,SD,lymph node,enteritis/septicemia,Not UTI/urine/urinary tract
SD57007PPY20084,Bos taurus,cattle,MN,spleen,enteritis,Not UTI/urine/urinary tract
SD57007PPY20086,Bos taurus,cattle,SD,kidney,enteritis,Not UTI/urine/urinary tract
SD57007PPY20097,Bos taurus,cattle,MN,milk swab,mastitis,Not UTI/urine/urinary tract
TX77840PPY20010,Bos taurus,cattle,AR,semen,gti,Not UTI/urine/urinary tract
TX77840PPY20050,Bos taurus,cattle,TX,feces,enteritis,Not UTI/urine/urinary tract
WA99164PPY20241,Bos taurus,cattle,ID,fetal tissue pool,abortion,Not UTI/urine/urinary tract
WI53706PPY20016,Bos taurus,cattle,WI,lung,rotaviral enteric disease/e. coli systemic infection,Not UTI/urine/urinary tract
WI53706PPY20021,Bos taurus,cattle,WI,lung,bacteremia,Not UTI/urine/urinary tract
WI53706PPY20054,Bos taurus,cattle,WI,lung,"k99+ escherichia coli pcr (+)
segmental enteric villus atrophy with weak rotavirus pcr (+)
serous atrophy of fat",Not UTI/urine/urinary tract
WI53706PPY20137,Bos taurus,cattle,WI,lung,chronic bronchitis and pleuritis,Not UTI/urine/urinary tract
WI53706PPY20167,Bos taurus,cattle,WI,lung,enteric k99+ escherichia coli (enterotoxigenic colibacillosis),Not UTI/urine/urinary tract
WI53706PPY20178,Bos taurus,cattle,WI,lung,pneuomonia,Not UTI/urine/urinary tract
AL36849PPY20023,Canis familiaris,dog,GA,urine,urinary tract infection,UTI/urine/urinary tract
AL36849PPY20062,Canis familiaris,dog,AL,milk,mastitis,Not UTI/urine/urinary tract
AL36849PPY20096,Canis familiaris,dog,GA,vaginal swab,pyometra,Not UTI/urine/urinary tract
AL36849PPY20137,Canis familiaris,dog,VA,incision swab,infected wound,Not UTI/urine/urinary tract
AL36849PPY20157,Canis familiaris,dog,NC,prostatic fluid,prostatitis,Not UTI/urine/urinary tract
CO80526PPY20336,Canis familiaris,dog,CO,urine,uti,UTI/urine/urinary tract
CO80526PPY20374,Canis familiaris,dog,CO,urine,uti,UTI/urine/urinary tract
FL34741PPY20021,Canis familiaris,dog,FL,ear,ear infection,Not UTI/urine/urinary tract
FL34741PPY20053,Canis familiaris,dog,FL,ear,infection,Not UTI/urine/urinary tract
FL34741PPY20080,Canis familiaris,dog,FL,vaginal,infection,Not UTI/urine/urinary tract
FL34741PPY20095,Canis familiaris,dog,FL,urine,uti,UTI/urine/urinary tract
GA30602PPY20001,Canis familiaris,dog,GA,incision,incision site infection,Not UTI/urine/urinary tract
GA30602PPY20013,Canis familiaris,dog,GA,urine,no history given,Not UTI/urine/urinary tract
GA30602PPY20042,Canis familiaris,dog,GA,urine,uti,UTI/urine/urinary tract
IN47907PPY20299,Canis familiaris,dog,GA,urine,uti,UTI/urine/urinary tract
IN47907PPY20306,Canis familiaris,dog,GA,urine,uti,UTI/urine/urinary tract
IN47907PPY20388,Canis familiaris,dog,IN,drian tract swab,cellulitis,Not UTI/urine/urinary tract
IN47907PPY20482,Canis familiaris,dog,IN,uterine pus,cystitis,Not UTI/urine/urinary tract
IN47907PPY20565,Canis familiaris,dog,IN,bronchoavelar lavage,pneumonia,Not UTI/urine/urinary tract
KS66506PPY20021,Canis familiaris,dog,KS,urine,cystitis,Not UTI/urine/urinary tract
KS66506PPY20059,Canis familiaris,dog,KS,urine,cystitis,Not UTI/urine/urinary tract
KS66506PPY20096,Canis familiaris,dog,KS,urine,cystitis,Not UTI/urine/urinary tract
KS66506PPY20185,Canis familiaris,dog,KS,urine,cystitis,Not UTI/urine/urinary tract
KY40511PPY20014,Canis familiaris,dog,KY,urine,aerobic culture/urinary tract infection,UTI/urine/urinary tract
KY40511PPY20105,Canis familiaris,dog,IN,ear,aerobic culture /otitis,Not UTI/urine/urinary tract
KY40511PPY20167,Canis familiaris,dog,KY,lung,bacterial pneumonia and enteritis,Not UTI/urine/urinary tract
KY40511PPY20170,Canis familiaris,dog,KY,urine,aerobic culture /urinary tract infection,UTI/urine/urinary tract
KY40511PPY20285,Canis familiaris,dog,KY,ear swab,aerobic culture/otitis,Not UTI/urine/urinary tract
LA70803PPY20005,Canis familiaris,dog,LA,urine,cystitis,Not UTI/urine/urinary tract
LA70803PPY20015,Canis familiaris,dog,LA,urine,cystitis,Not UTI/urine/urinary tract
LA70803PPY20034,Canis familiaris,dog,LA,wound swab,cellulitis,Not UTI/urine/urinary tract
LA70803PPY20065,Canis familiaris,dog,LA,wound swab,cellulitis,Not UTI/urine/urinary tract
LA70803PPY24120,Canis familiaris,dog,LA,lung,bacterial pneumonia,Not UTI/urine/urinary tract
MI48910PPY20012,Canis familiaris,dog,MI,urine,uti,UTI/urine/urinary tract
MI48910PPY20085,Canis familiaris,dog,MI,urine,uti,UTI/urine/urinary tract
MI48910PPY20150,Canis familiaris,dog,MI,urine,uti,UTI/urine/urinary tract
MI48910PPY20188,Canis familiaris,dog,MI,urine,uti,UTI/urine/urinary tract
MO65211PPY21001,Canis familiaris,dog,MO,bronchoalveolar lavage,bronchia infection,Not UTI/urine/urinary tract
MO65211PPY21042,Canis familiaris,dog,MO,fistulous tract swab,ear canal ablation surgery history,Not UTI/urine/urinary tract
MO65211PPY21084,Canis familiaris,dog,MO,urine,urinary tract infection,UTI/urine/urinary tract
ND58102PPY20150,Canis familiaris,dog,ND,urine,cystitis,Not UTI/urine/urinary tract
ND58102PPY20196,Canis familiaris,dog,MN,urine,cystitis,Not UTI/urine/urinary tract
ND58102PPY20279,Canis familiaris,dog,ND,kidney fluid,nephritis,Not UTI/urine/urinary tract
NE68583PPY20013,Canis familiaris,dog,NE,feces,neonatal diarrhea,Not UTI/urine/urinary tract
NE68583PPY20061,Canis familiaris,dog,NE,urine,cystitis,Not UTI/urine/urinary tract
NE68583PPY20134,Canis familiaris,dog,NE,wound swab,dermatitis,Not UTI/urine/urinary tract
NE68583PPY20231,Canis familiaris,dog,NE,urine,cystitis,Not UTI/urine/urinary tract
NY14853PPY10326,Canis familiaris,dog,NY,uterus,infection,Not UTI/urine/urinary tract
NY14853PPY20274,Canis familiaris,dog,NY,ear,otitis,Not UTI/urine/urinary tract
OH43068PPY20049,Canis familiaris,dog,OH,lung,"bronchopneumonia, pleuritis",Not UTI/urine/urinary tract
OH43068PPY20064,Canis familiaris,dog,OH,intestine,gastroenteritis,Not UTI/urine/urinary tract
OH43068PPY20092,Canis familiaris,dog,OH,urine,requested urine culture,Not UTI/urine/urinary tract
SD57007PPY20301,Canis familiaris,dog,SD,urine,uti,UTI/urine/urinary tract
SD57007PPY20307,Canis familiaris,dog,SD,urine,uti,UTI/urine/urinary tract
SD57007PPY20311,Canis familiaris,dog,SD,urine,uti,UTI/urine/urinary tract
SD57007PPY20324,Canis familiaris,dog,MN,urine,uti,UTI/urine/urinary tract
TX77840PPY20002,Canis familiaris,dog,TX,urine,cystitis,Not UTI/urine/urinary tract
TX77840PPY20019,Canis familiaris,dog,TX,urine,cystitis,Not UTI/urine/urinary tract
TX77840PPY20119,Canis familiaris,dog,TX,vaginal,vaginitis,Not UTI/urine/urinary tract
TX77840PPY20161,Canis familiaris,dog,TX,urine,cystitis,Not UTI/urine/urinary tract
WA99164PPY20106,Canis familiaris,dog,MT,urine,uti,UTI/urine/urinary tract
WA99164PPY20131,Canis familiaris,dog,ID,urine,uti,UTI/urine/urinary tract
WA99164PPY20144,Canis familiaris,dog,WA,bile,cholecystitis,Not UTI/urine/urinary tract
WA99164PPY20178,Canis familiaris,dog,OR,urine,uti,UTI/urine/urinary tract
WA99164PPY20197,Canis familiaris,dog,WA,bile,cholecystitis,Not UTI/urine/urinary tract
WA99164PPY20219,Canis familiaris,dog,WA,soft tissue,abscess,Not UTI/urine/urinary tract
WA99164PPY20223,Canis familiaris,dog,WA,urine,uti,UTI/urine/urinary tract
WI53706PPY20002,Canis familiaris,dog,WI,urine,urinary infection,UTI/urine/urinary tract
WI53706PPY20004,Canis familiaris,dog,WI,lung,urinary infection,UTI/urine/urinary tract
WI53706PPY20023,Canis familiaris,dog,WI,ear swab,open,Not UTI/urine/urinary tract
WI53706PPY20132,Canis familiaris,dog,WI,lung,bacterial septicemia,Not UTI/urine/urinary tract
WI53706PPY20282,Canis familiaris,dog,WI,lung,"aspiration pneumonia, pulmonary edema",Not UTI/urine/urinary tract
AL36849PPY10195,Equus caballus,horse,GA,pancreas,kidney failure,Not UTI/urine/urinary tract
AL36849PPY20070,Equus caballus,horse,NJ,joint fluid,septic arthritis,Not UTI/urine/urinary tract
AL36849PPY20090,Equus caballus,horse,AL,liver,septicemia,Not UTI/urine/urinary tract
AL36849PPY20176,Equus caballus,horse,AL,abdominal abscess,peritonitis,Not UTI/urine/urinary tract
CA95616PPY20060,Equus caballus,horse,CA,abscess swab,abscess,Not UTI/urine/urinary tract
CA95616PPY20125,Equus caballus,horse,CA,bile duct swab,cholangitis,Not UTI/urine/urinary tract
CA95616PPY20156,Equus caballus,horse,CA,draining wound swab,draining wound,Not UTI/urine/urinary tract
CA95616PPY20198,Equus caballus,horse,CA,wound swab,infection at wound suture site,Not UTI/urine/urinary tract
CO80526PPY20014,Equus caballus,horse,CO,draining tract,infected wound,Not UTI/urine/urinary tract
CO80526PPY20151,Equus caballus,horse,CO,joint fluid,septic arthritis,Not UTI/urine/urinary tract
CO80526PPY20239,Equus caballus,horse,NE,uterine,endometritis,Not UTI/urine/urinary tract
FL34741PPY20010,Equus caballus,horse,FL,nasal swab,sinus infection,Not UTI/urine/urinary tract
FL34741PPY20023,Equus caballus,horse,FL,nasal swab,sinus infection,Not UTI/urine/urinary tract
GA30602PPY20282,Equus caballus,horse,FL,uterine,post treatment,Not UTI/urine/urinary tract
GA30602PPY20288,Equus caballus,horse,SC,uterine swab,no history - heavy bacterial growth,Not UTI/urine/urinary tract
GA30602PPY20295,Equus caballus,horse,NC,wound,wound,Not UTI/urine/urinary tract
IN47907PPY20347,Equus caballus,horse,IN,blood,septicemia,Not UTI/urine/urinary tract
IN47907PPY20386,Equus caballus,horse,IN,abscess swab, peritonitis,Not UTI/urine/urinary tract
IN47907PPY20481,Equus caballus,horse,IN,sequestrum right forelimb canon bone,collibacillosis,Not UTI/urine/urinary tract
KY40511PPY20016,Equus caballus,horse,KY,colon,acute typhlocolitis (e. coli);,Not UTI/urine/urinary tract
KY40511PPY20017,Equus caballus,horse,KY,abscess swab,subacute marked fibrinosuppurative peritonitis,Not UTI/urine/urinary tract
KY40511PPY20034,Equus caballus,horse,KY,umbilicus,necrotizing omphalitis (e. coli),Not UTI/urine/urinary tract
KY40511PPY20149,Equus caballus,horse,KY,colon,"bacterial septicemia,  ulcerative and suppurative bacterial enterocolitis",Not UTI/urine/urinary tract
KY40511PPY20256,Equus caballus,horse,IN,left hock  swab,septic arthritis,Not UTI/urine/urinary tract
KY40511PPY20284,Equus caballus,horse,KY,skeletal muscle,necrosuppurative myositis and cellulitis,Not UTI/urine/urinary tract
LA70803PPY20069,Equus caballus,horse,MS,lung swab,pneumonia,Not UTI/urine/urinary tract
LA70803PPY27733,Equus caballus,horse,LA,urachus swab,patent urachus,Not UTI/urine/urinary tract
MI48910PPY20107,Equus caballus,horse,MI,uterus,reproductive culture,Not UTI/urine/urinary tract
MI48910PPY20131,Equus caballus,horse,MI,uterus,pyometra,Not UTI/urine/urinary tract
MI48910PPY20151,Equus caballus,horse,MI,uterine,pyometra,Not UTI/urine/urinary tract
MI48910PPY20181,Equus caballus,horse,MI,uterine,pyometra,Not UTI/urine/urinary tract
MO65211PPY20801,Equus caballus,horse,OK,uterine swab,uterinei infection,Not UTI/urine/urinary tract
MO65211PPY20826,Equus caballus,horse,MO,urine,urine tract infection,Not UTI/urine/urinary tract
MO65211PPY20836,Equus caballus,horse,MO,wound swab from right hip,laceration on right hip,Not UTI/urine/urinary tract
MO65211PPY20847,Equus caballus,horse,MO,joint fluid,joint infection,Not UTI/urine/urinary tract
MS39208PPY10221,Equus caballus,horse,MS,urine,e. coli infection,Not UTI/urine/urinary tract
MS39208PPY20041,Equus caballus,horse,MS,uterine swab,e. coli infection,Not UTI/urine/urinary tract
NE68583PPY20110,Equus caballus,horse,NE,uterine swab,endometritis,Not UTI/urine/urinary tract
NE68583PPY20197,Equus caballus,horse,NE,wound swab,soft tissue infection (wound),Not UTI/urine/urinary tract
NY14853PPY20084,Equus caballus,horse,PA,joint fluid,infection,Not UTI/urine/urinary tract
NY14853PPY20281,Equus caballus,horse,SC,uterine,infection,Not UTI/urine/urinary tract
NY14853PPY20396,Equus caballus,horse,MI,joint,infection,Not UTI/urine/urinary tract
NY14853PPY20399,Equus caballus,horse,NY,uterine,infection,Not UTI/urine/urinary tract
OH43068PPY20046,Equus caballus,horse,OH,uterine swab,endometritis,Not UTI/urine/urinary tract
OH43068PPY20087,Equus caballus,horse,OH,fecal swab,3 month old foal with persistant diarrhea,Not UTI/urine/urinary tract
PA16802PPY20027,Equus caballus,horse,PA,feces,clinical symptoms,Not UTI/urine/urinary tract
PA17110PPY20051,Equus caballus,horse,PA,intestine,ulecerative and necrotizing enteritis,Not UTI/urine/urinary tract
PA19348PPY20025,Equus caballus,horse,PA,trach wash,pneumonia,Not UTI/urine/urinary tract
SD57007PPY20236,Equus caballus,horse,SD,lung,enteritis,Not UTI/urine/urinary tract
TX77840PPY20001,Equus caballus,horse,TX,feces,enteritis,Not UTI/urine/urinary tract
TX77840PPY20014,Equus caballus,horse,TX,uterine swab,endometritis,Not UTI/urine/urinary tract
TX77840PPY20160,Equus caballus,horse,TX,uterine,endometritis,Not UTI/urine/urinary tract
WA99164PPY20114,Equus caballus,horse,WA,blood,septicemia,Not UTI/urine/urinary tract
WA99164PPY20138,Equus caballus,horse,WA,uterus,endometritis,Not UTI/urine/urinary tract
WA99164PPY20167,Equus caballus,horse,WA,abscess,abscess,Not UTI/urine/urinary tract
WA99164PPY20238,Equus caballus,horse,ID,urine,uti,UTI/urine/urinary tract
WI53706PPY20003,Equus caballus,horse,WI,uterine swab,uterine immflamation,Not UTI/urine/urinary tract
WI53706PPY20182,Equus caballus,horse,WI,lymph node,bacteremia/sepsis,Not UTI/urine/urinary tract
AL36849PPY20088,Sus domesticus,swine,GA,uterine swab,pyometra,Not UTI/urine/urinary tract
AL36849PPY20194,Sus domesticus,swine,GA,tonsil swab,septicemia,Not UTI/urine/urinary tract
CA95616PPY20128,Sus domesticus,swine,CA,fetus lung,bacterial abortion,Not UTI/urine/urinary tract
CO80526PPY20029,Sus domesticus,swine,CO,feces,diarrhea,Not UTI/urine/urinary tract
CO80526PPY20182,Sus domesticus,swine,CO,urine,uti,UTI/urine/urinary tract
GA30602PPY20381,Sus domesticus,swine,GA,skin,necrotizing wound,Not UTI/urine/urinary tract
IN47907PPY20288,Sus domesticus,swine,GA,skin,necrotizing wound,Not UTI/urine/urinary tract
IN47907PPY20412,Sus domesticus,swine,IN,joint swab,suppurative bronchopneumonia,Not UTI/urine/urinary tract
IN47907PPY20447,Sus domesticus,swine,IN,liver/kidney/spleen,colibacillosis,Not UTI/urine/urinary tract
IN47907PPY20585,Sus domesticus,swine,IN,brain swab,"enterocolitis, severe,?neutrophilic to histiocytic with phlebitis",Not UTI/urine/urinary tract
KS66506PPY20084,Sus domesticus,swine,KS,feces,enteritis,Not UTI/urine/urinary tract
KS66506PPY20190,Sus domesticus,swine,KS,ileum,enteritis,Not UTI/urine/urinary tract
KY40511PPY20013,Sus domesticus,swine,KY,lung,"subacute necrotizing enteritis
",Not UTI/urine/urinary tract
KY40511PPY20203,Sus domesticus,swine,KY,small intestine,necrotizing enteritis,Not UTI/urine/urinary tract
KY40511PPY20300,Sus domesticus,swine,AR,lung,acute pneumonia,Not UTI/urine/urinary tract
MI48910PPY20122,Sus domesticus,swine,MI,lung,mild interstitial pneumonia,Not UTI/urine/urinary tract
MI48910PPY20123,Sus domesticus,swine,MI,ileum,enterocolitis due to enterotoxic e. coli,Not UTI/urine/urinary tract
MN55108PPY20248,Sus domesticus,swine,MN,intestine,enteritis,Not UTI/urine/urinary tract
MN55108PPY20252,Sus domesticus,swine,MN,intestine,enteritis,Not UTI/urine/urinary tract
MN55108PPY20260,Sus domesticus,swine,MN,intestine,enteritis,Not UTI/urine/urinary tract
MN55108PPY20276,Sus domesticus,swine,MN,intestine,enteritis,Not UTI/urine/urinary tract
MO65211PPY20401,Sus domesticus,swine,MO,liver,"hematopoiesis 
in liver and spleen",Not UTI/urine/urinary tract
MO65211PPY20402,Sus domesticus,swine,MO,"small
 intestine",enteritis,Not UTI/urine/urinary tract
MO65211PPY20403,Sus domesticus,swine,MO,rectal swab,diarrhea,Not UTI/urine/urinary tract
MO65211PPY20406,Sus domesticus,swine,MO,rectal swab,enteritis,Not UTI/urine/urinary tract
ND58102PPY20102,Sus domesticus,swine,ND,intestine,gastritis,Not UTI/urine/urinary tract
NE68583PPY20157,Sus domesticus,swine,NE,feces,enterotoxigenic e. coli,Not UTI/urine/urinary tract
NY14853PPY20015,Sus domesticus,swine,NY,exudate,infection,Not UTI/urine/urinary tract
NY14853PPY20200,Sus domesticus,swine,NY,illeum,proliferative enteritis,Not UTI/urine/urinary tract
NY14853PPY20419,Sus domesticus,swine,NY,feces,diarrhea,Not UTI/urine/urinary tract
OH43068PPY20035,Sus domesticus,swine,OH,feces,rotavirus positive,Not UTI/urine/urinary tract
OH43068PPY20037,Sus domesticus,swine,OH,feces,enteritis,Not UTI/urine/urinary tract
OH43068PPY20038,Sus domesticus,swine,OH,intestine,colibacillosis,Not UTI/urine/urinary tract
OH43068PPY20074,Sus domesticus,swine,OH,feces,suscept e. coli or salmonella,Not UTI/urine/urinary tract
PA17110PPY20059,Sus domesticus,swine,OH,feces,suscept e. coli or salmonella,Not UTI/urine/urinary tract
SD57007PPY20131,Sus domesticus,swine,SD,intestine,enteritis,Not UTI/urine/urinary tract
SD57007PPY20142,Sus domesticus,swine,IA,intestine,enteritis,Not UTI/urine/urinary tract
SD57007PPY20150,Sus domesticus,swine,SD,kidney,"meningitis, synovitits/arthrits, nephritis",Not UTI/urine/urinary tract
SD57007PPY20163,Sus domesticus,swine,SD,intestine,enteritis,Not UTI/urine/urinary tract
SD57007PPY20167,Sus domesticus,swine,MN,intestine,enteritis,Not UTI/urine/urinary tract
SD57007PPY20170,Sus domesticus,swine,SD,intestine,enteritis,Not UTI/urine/urinary tract
WA99164PPY20228,Sus domesticus,swine,WA,synovium,septic joint,Not UTI/urine/urinary tract
WI53706PPY20029,Sus domesticus,swine,WI,lung,"pneumonia, nephritis, and severe lymphoid depletion",Not UTI/urine/urinary tract
IN47907PPY20561,Meleagris gallopavo,turkey,IN,air sac,pasturellosis with colibacillosis,Not UTI/urine/urinary tract
MN55108PPY20301,Meleagris gallopavo,turkey,MN,bone,heterophilic tenosynovitis,Not UTI/urine/urinary tract
MN55108PPY20305,Meleagris gallopavo,turkey,MN,yolk,e. coli septicemia,Not UTI/urine/urinary tract
MN55108PPY20313,Meleagris gallopavo,turkey,SD,joint,n/a,Not UTI/urine/urinary tract
MN55108PPY20329,Meleagris gallopavo,turkey,MN,heart,colibacillosis,Not UTI/urine/urinary tract
MO65211PPY20601,Meleagris gallopavo,turkey,MO,liver,multiorgan infection with e. coli and salmonella,Not UTI/urine/urinary tract
MO65211PPY20632,Gallus gallus,chicken,IA,liver,dead,Not UTI/urine/urinary tract
OH43068PPY20044,Meleagris gallopavo,turkey,OH,swab,NA,Not UTI/urine/urinary tract
PA16802PPY20032,Meleagris gallopavo,turkey,PA,liver 3,e. coli septicemia,Not UTI/urine/urinary tract
SD57007PPY20171,Meleagris gallopavo,turkey,SD,spleen,septicemia,Not UTI/urine/urinary tract
SD57007PPY20187,Meleagris gallopavo,turkey,SD,liver,coccidiosis,Not UTI/urine/urinary tract
SD57007PPY20189,Meleagris gallopavo,turkey,SD,lung,"typhlitis and hepatisis associated with histomoniasis, secondary e. coli infection",Not UTI/urine/urinary tract
SD57007PPY20193,Meleagris gallopavo,turkey,MN,lung,pneumonia,Not UTI/urine/urinary tract
SD57007PPY20207,Meleagris gallopavo,turkey,SD,lung,pericarditis and epicarditis,Not UTI/urine/urinary tract
WI53706PPY20020,Meleagris gallopavo,turkey,WI,lung,higher than normal mortality,Not UTI/urine/urinary tract
AL36849PPY30002,Felis catus,cat,AL,urine,urinary tract infection,UTI/urine/urinary tract
AL36849PPY30036,Felis catus,cat,GA,urine,urinary tract infection,UTI/urine/urinary tract
AL36849PPY30115,Felis catus,cat,NC,ear swab,otitis externa,Not UTI/urine/urinary tract
AL36849PPY30135,Felis catus,cat,MS,urine,urinary tract infection,UTI/urine/urinary tract
FL34741PPY30057,Gallus gallus,chicken,FL,intestine,necropsy,Not UTI/urine/urinary tract
FL34741PPY30058,Felis catus,cat,FL,urine,infection,Not UTI/urine/urinary tract
GA30602PPY30076,Felis catus,cat,GA,pancreatic abscess,abscess,Not UTI/urine/urinary tract
GA30602PPY30077,Felis catus,cat,GA,urine,uti,UTI/urine/urinary tract
GA30602PPY30083,Felis catus,cat,GA,urine,uti,UTI/urine/urinary tract
GA30602PPY30097,Felis catus,cat,WV,urine,uti,UTI/urine/urinary tract
GA30606PPY30066,Felis catus,cat,GA,urine,ckd,Not UTI/urine/urinary tract
IA50014PPY30404,Felis catus,cat,IA,urine,urinary tract infection,UTI/urine/urinary tract
IA50014PPY30415,Felis catus,cat,IA,urine,pyuria,UTI/urine/urinary tract
IN47907PPY30013,Felis catus,cat,IN,bladder swab,cystitis,Not UTI/urine/urinary tract
IN47907PPY30044,Felis catus,cat,IN,urine cytocentesis,cystitis,Not UTI/urine/urinary tract
IN47907PPY30067,Felis catus,cat,IN,urine cytocentesis,cystitis,Not UTI/urine/urinary tract
IN47907PPY30100,Felis catus,cat,IN,uterine body plus contents,pyometra,Not UTI/urine/urinary tract
IN47907PPY30180,Felis catus,cat,IN,liver biopsy,cholecystitis,Not UTI/urine/urinary tract
KS66506PPY30016,Felis catus,cat,KS,urine,cystitis,Not UTI/urine/urinary tract
KS66506PPY30046,Felis catus,cat,KS,urine,cystitis,Not UTI/urine/urinary tract
KS66506PPY30166,Felis catus,cat,KS,urine,cystitis,Not UTI/urine/urinary tract
KS66506PPY30230,Felis catus,cat,KS,urine,cystitis,Not UTI/urine/urinary tract
kY40511PPY30015,Felis catus,cat,KS,urine,cystitis,Not UTI/urine/urinary tract
kY40511PPY30076,Felis catus,cat,KS,urine,cystitis,Not UTI/urine/urinary tract
KY42240PPY30016,Felis catus,cat,KY,deep ulceration,wound,Not UTI/urine/urinary tract
KY42240PPY30029,Felis catus,cat,KY,urine,inappetence,Not UTI/urine/urinary tract
LA70803PPY30003,Felis catus,cat,LA,swelling swab,cellulitis,Not UTI/urine/urinary tract
LA70803PPY30049,Felis catus,cat,LA,urine,cystitis,Not UTI/urine/urinary tract
LA70803PPY30105,Felis catus,cat,LA,bile,cholecystitis,Not UTI/urine/urinary tract
LA70803PPY30145,Felis catus,cat,LA,urine,cystitis,Not UTI/urine/urinary tract
MI48910PPY30001,Felis catus,cat,MA,abscess,abscess,Not UTI/urine/urinary tract
MI48910PPY30123,Felis catus,cat,MI,urine,cystitis,Not UTI/urine/urinary tract
MO65211PPY31201,Felis catus,cat,MO,urine,urinary tract infection,UTI/urine/urinary tract
MO65211PPY31216,Felis catus,cat,MO,urine,urinary tract infection,UTI/urine/urinary tract
MO65211PPY31220,Felis catus,cat,MO,urine,urinary tract infection,UTI/urine/urinary tract
MO65211PPY31222,Felis catus,cat,MO,urine,urinary tract infection,UTI/urine/urinary tract
MS39208PPY30087,Felis catus,cat,MS,urine swab, urinary tract infection,UTI/urine/urinary tract
MS39208PPY30139,Felis catus,cat,MS,ileum,septic peritonitis,Not UTI/urine/urinary tract
MS39208PPY30140,Felis catus,cat,MS,pleural swab,respiratory infection,Not UTI/urine/urinary tract
ND58102PPY30012,Felis catus,cat,MN,feces,enteritis,Not UTI/urine/urinary tract
ND58102PPY30211,Felis catus,cat,ND,uterus,endometritis,Not UTI/urine/urinary tract
ND58102PPY30296,Felis catus,cat,ND,urine,cystitis,Not UTI/urine/urinary tract
ND58102PPY30349,Felis catus,cat,ND,fecal,enteritis,Not UTI/urine/urinary tract
NY14853PPY30240,Felis catus,cat,VA,urine,urinary tract infection,UTI/urine/urinary tract
NY14853PPY30245,Felis catus,cat,NY,urine,urinary tract infection,UTI/urine/urinary tract
OH43068PPY30017,Felis catus,cat,OH,lung,hemmorhagic pnuemonia,Not UTI/urine/urinary tract
OH43068PPY30024,Felis catus,cat,OH,urine,uti treated in january sucessfully. signed returned this weekend acutely with blood in urine,UTI/urine/urinary tract
TN37220PPY30036,Felis catus,cat,TN,urine,uti,UTI/urine/urinary tract
TX77840PPY30020,Felis catus,cat,TX,urine,cystitis,Not UTI/urine/urinary tract
TX77840PPY30021,Felis catus,cat,TX,urine,cystitis,Not UTI/urine/urinary tract
WA99164PPY30010,Felis catus,cat,WA,urine,uti,UTI/urine/urinary tract
WA99164PPY30014,Felis catus,cat,WA,urine,uti,UTI/urine/urinary tract
WA99164PPY30036,Felis catus,cat,WA,urine,uti,UTI/urine/urinary tract
WI53706PPY30071,Felis catus,cat,WI,lung,feline infectious peritonitis,Not UTI/urine/urinary tract
WI53706PPY30121,Felis catus,cat,WI,lung,systemic bacterial septicemia,Not UTI/urine/urinary tract
CA95616PPY30016,Gallus gallus,chicken,CA,coelomic cavity swab,coelomitis and pericarditis,Not UTI/urine/urinary tract
CA95616PPY30100,Gallus gallus,chicken,CA,oviduct,salpingitis and coelomitis,Not UTI/urine/urinary tract
FL34741PPY30036,Gallus gallus,chicken,FL,intestine,necropsy,Not UTI/urine/urinary tract
FL34741PPY30040,Gallus gallus,chicken,FL,oviduct,necropsy,Not UTI/urine/urinary tract
IA50014PPY30203,Gallus gallus,chicken,IA,peritoneum,systemic bacterial infection,Not UTI/urine/urinary tract
IA50014PPY30204,Gallus gallus,chicken,IA,spleen,systemic bacterial infection,Not UTI/urine/urinary tract
IN47907PPY30170,Gallus gallus,chicken,IN,heart,colibacillosis,Not UTI/urine/urinary tract
KY42240PPY30069,Gallus gallus,chicken,KY,liver,septicemia,Not UTI/urine/urinary tract
KY42240PPY30097,Gallus gallus,chicken,KY,liver,septicemia,Not UTI/urine/urinary tract
LA70803PPY30009,Gallus gallus,chicken,LA,oviduct,salpingitis,Not UTI/urine/urinary tract
MO65211PPY30601,Gallus gallus,chicken,MO,liver,peritonitis,Not UTI/urine/urinary tract
MO65211PPY30614,Gallus gallus,chicken,MO,liver,airsacculitis,Not UTI/urine/urinary tract
MS39208PPY30132,Gallus gallus,chicken,MS,heart swab,colisepticemia,Not UTI/urine/urinary tract
ND58102PPY30085,Gallus gallus,chicken,ND,coelomic fluid,enterocolitis,Not UTI/urine/urinary tract
ND58102PPY30256,Gallus gallus,chicken,ND,oviduct,yolk peritonitis,Not UTI/urine/urinary tract
NY14853PPY30084,Gallus gallus,chicken,NY,abscess,infection,Not UTI/urine/urinary tract
OH43068PPY30039,Gallus gallus,chicken,MI,liver,acute bacterial infection,Not UTI/urine/urinary tract
PA16802PPY30002,Gallus gallus,chicken,PA,bone marrow 1,bacterial infection,Not UTI/urine/urinary tract
PA16802PPY30046,Gallus gallus,chicken,PA,peritoneum dead 1,e. coli infection,Not UTI/urine/urinary tract
PA16802PPY30066,Gallus gallus,chicken,PA,liver 1,pericarditis; e. coli recovered,Not UTI/urine/urinary tract
PA16802PPY30070,Gallus gallus,chicken,PA,spleen,fecal float positive; ibv positive,Not UTI/urine/urinary tract
PA16802PPY30110,Gallus gallus,chicken,PA,peritoneum 1,positive coccidia; e. coli recovered,Not UTI/urine/urinary tract
PA16802PPY30116,Gallus gallus,chicken,PA,pericardium,bacterial polyserositis / septicemia- e. coli,Not UTI/urine/urinary tract
PA17110PPY30018,Gallus gallus,chicken,PA,intestine,"enterotyphlitis, hepatitis, myocarditis",Not UTI/urine/urinary tract
PA19348PPY30001,Gallus gallus,chicken,PA,air sac,e. coli infection/ infectious bronchitis,Not UTI/urine/urinary tract
PA19348PPY30018,Gallus gallus,chicken,PA,yolk sac,bacterial infection,Not UTI/urine/urinary tract
TX77840PPY30001,Gallus gallus,chicken,TX,hock,arthritis,Not UTI/urine/urinary tract
TX77840PPY30004,Gallus gallus,chicken,TX,yolk,omphalitis,Not UTI/urine/urinary tract
WA99164PPY30045,Gallus gallus,chicken,WA,oviduct,salpingitis,Not UTI/urine/urinary tract
WA99164PPY30094,Gallus gallus,chicken,WA,oviduct,salpingitis,Not UTI/urine/urinary tract
WI53706PPY30004,Gallus gallus,chicken,IA,lung,general health,Not UTI/urine/urinary tract
WI53706PPY30072,Gallus gallus,chicken,WI,lung,coccidiosis,Not UTI/urine/urinary tract
AL36849PPY30086,Bos taurus,cattle,AL,uterus,endometritis,Not UTI/urine/urinary tract
AL36849PPY30116,Bos taurus,cattle,AL,joint fluid,septic arthritis,Not UTI/urine/urinary tract
AL36849PPY30154,Bos taurus,cattle,AL,lung,pneumonia,Not UTI/urine/urinary tract
CA95616PPY30046,Bos taurus,cattle,CA,liver tissue,e. coli septicemia,Not UTI/urine/urinary tract
CA95616PPY30094,Bos taurus,cattle,CA,lung tissue,bronchopneumonia,Not UTI/urine/urinary tract
FL34741PPY30070,Bos taurus,cattle,FL,nasal swab,infection,Not UTI/urine/urinary tract
GA30602PPY30381,Bos taurus,cattle,SC,umbilicus,"diarrhea, death",Not UTI/urine/urinary tract
GA30602PPY30382,Bos taurus,cattle,GA,liver abscess,"diarrhea, death",Not UTI/urine/urinary tract
GA30602PPY30383,Bos taurus,cattle,SC,lung,death,Not UTI/urine/urinary tract
GA30602PPY30388,Bos taurus,cattle,GA,abomasum,death,Not UTI/urine/urinary tract
IA50014PPY30009,Bos taurus,cattle,IA,feces,enteric,Not UTI/urine/urinary tract
IA50014PPY30010,Bos taurus,cattle,IA,feces,enteric,Not UTI/urine/urinary tract
IN47907PPY30032,Bos taurus,cattle,IN,umbilicous,supprative omphalophlebitis,Not UTI/urine/urinary tract
IN47907PPY30033,Bos taurus,cattle,IN,liver/spleen,fibrinosuppurative and necrotizing bronchopneumonia,Not UTI/urine/urinary tract
IN47907PPY30075,Bos taurus,cattle,IN,"lung, liver pool",colibacillosis,Not UTI/urine/urinary tract
IN47907PPY30109,Bos taurus,cattle,IN,lung,diffuse necrotizing interstitial pneumonia,Not UTI/urine/urinary tract
IN47907PPY30163,Bos taurus,cattle,IN,lung,colibacillosis,Not UTI/urine/urinary tract
kY40511PPY30037,Bos taurus,cattle,IN,lung,colibacillosis,Not UTI/urine/urinary tract
kY40511PPY30046,Bos taurus,cattle,IN,lung,colibacillosis,Not UTI/urine/urinary tract
kY40511PPY30098,Bos taurus,cattle,IN,lung,colibacillosis,Not UTI/urine/urinary tract
KY42240PPY30001,Bos taurus,cattle,KY,intestine,scours,Not UTI/urine/urinary tract
KY42240PPY30004,Bos taurus,cattle,KY,abscess,wound,Not UTI/urine/urinary tract
KY42240PPY30062,Bos taurus,cattle,KY,feces,scours,Not UTI/urine/urinary tract
LA70803PPY30002,Bos taurus,cattle,LA,jejunum swab,rumenitis,Not UTI/urine/urinary tract
LA70803PPY30052,Bos taurus,cattle,LA,lung tissue,sepsis,Not UTI/urine/urinary tract
MI48910PPY30005,Bos taurus,cattle,MI,liver,sepsis,Not UTI/urine/urinary tract
MI48910PPY30134,Bos taurus,cattle,MI,feces,enteritis,Not UTI/urine/urinary tract
MN55108PPY30051,Bos taurus,cattle,MI,feces,enteritis,Not UTI/urine/urinary tract
MN55108PPY30060,Bos taurus,cattle,MN,intestine,atrophic enteritis,Not UTI/urine/urinary tract
MN55108PPY30061,Bos taurus,cattle,MN,intestine,enteritis,Not UTI/urine/urinary tract
MO65211PPY30101,Bos taurus,cattle,OK,kidney,septic infarcts in kidney,Not UTI/urine/urinary tract
MO65211PPY30108,Bos taurus,cattle,MO,samll intestine,hepatitis,Not UTI/urine/urinary tract
ND58102PPY30045,Bos taurus,cattle,MN,intestine,enteritis,Not UTI/urine/urinary tract
ND58102PPY30175,Bos taurus,cattle,ND,intestine,enteritis,Not UTI/urine/urinary tract
NE68583PPY30015,Bos taurus,cattle,NE,lung,bronchopneumonia,Not UTI/urine/urinary tract
NY14853PPY30265,Bos taurus,cattle,NY,intestine,colibacillosis,Not UTI/urine/urinary tract
NY14853PPY30287,Bos taurus,cattle,NY,feces,colibacillosis,Not UTI/urine/urinary tract
OH43068PPY30002,Bos taurus,cattle,OH,feces,1 week old cross bred calf died of scours,Not UTI/urine/urinary tract
OH43068PPY30003,Bos taurus,cattle,OH,feces,scours in herd,Not UTI/urine/urinary tract
OH43068PPY30025,Bos taurus,cattle,OH,feces,veterinarian requested calf scour panel,Not UTI/urine/urinary tract
OH43068PPY30044,Bos taurus,cattle,OH,feces,diarrhea at 24 hours of age. suspect e. coli,Not UTI/urine/urinary tract
OH43068PPY30045,Bos taurus,cattle,OH,feces,client is having calf scours,Not UTI/urine/urinary tract
PA16802PPY30001,Bos taurus,cattle,PA,small intestine,"e. coli, cryptosporidium detected",Not UTI/urine/urinary tract
PA16802PPY30044,Bos taurus,cattle,PA,spleen 1,peritonitis,Not UTI/urine/urinary tract
PA16802PPY30045,Bos taurus,cattle,PA,feces,e. coli infection,Not UTI/urine/urinary tract
PA16802PPY30075,Bos taurus,cattle,PA,feces 5790,e. coli infection,Not UTI/urine/urinary tract
PA16802PPY30077,Bos taurus,cattle,PA,lung swab,e. coli infection,Not UTI/urine/urinary tract
PA16802PPY30111,Bos taurus,cattle,PA,small intestine,moderate mucosa-associated lymphoid depletion,Not UTI/urine/urinary tract
PA17110PPY30002,Bos taurus,cattle,PA,colon swab,"enterotypholocolitis, cryptpsporidiosis, septicemia",Not UTI/urine/urinary tract
PA17110PPY30003,Bos taurus,cattle,MD,feces,"cryptosporidiosis, bovine coronavirus, rota virus enteritis",Not UTI/urine/urinary tract
PA17110PPY30011,Bos taurus,cattle,PA,feces,suspected enteritis,Not UTI/urine/urinary tract
PA17110PPY30016,Bos taurus,cattle,PA,intestine,enterotoxigenic colibacillosis probable,Not UTI/urine/urinary tract
PA17110PPY30017,Bos taurus,cattle,PA,feces,"cryptosporidiosis, suspected entertitis",Not UTI/urine/urinary tract
SD57007PPY30066,Bos taurus,cattle,SD,uterine swab,hepatic lipidosis and mild metritis,Not UTI/urine/urinary tract
SD57007PPY30067,Bos taurus,cattle,SD,lung,embolic necrosuppurative interstitial nephritis,Not UTI/urine/urinary tract
SD57007PPY30068,Bos taurus,cattle,SD,umbilicus,bacterial septicemia due to e. coli,Not UTI/urine/urinary tract
SD57007PPY30073,Bos taurus,cattle,SD,lung,fibrinosuppurative necrotizing bronchopneumonia,Not UTI/urine/urinary tract
SD57007PPY30075,Bos taurus,cattle,SD,lung,meconium aspiration,Not UTI/urine/urinary tract
WA99164PPY30044,Bos taurus,cattle,WA,milk,mastitis,Not UTI/urine/urinary tract
WI53706PPY30002,Bos taurus,cattle,WI,lung,pneumonia,Not UTI/urine/urinary tract
WI53706PPY30021,Bos taurus,cattle,WI,lung,erosive viral enteritis (coronavirus and rotavirus),Not UTI/urine/urinary tract
MN55108PPY30052,Bos taurus,cattle,MN,stomach,pneumonia,Not UTI/urine/urinary tract
AL36849PPY30007,Canis familiaris,dog,AL,ear fluid,otitis interna,Not UTI/urine/urinary tract
AL36849PPY30031,Canis familiaris,dog,AL,skin biopsy,pyoderma,Not UTI/urine/urinary tract
AL36849PPY30054,Canis familiaris,dog,AL,prostatic fluid,prostatitis,Not UTI/urine/urinary tract
AL36849PPY30111,Canis familiaris,dog,GA,tissue,infected wound,Not UTI/urine/urinary tract
AL36849PPY30130,Canis familiaris,dog,AL,liver,septicemia,Not UTI/urine/urinary tract
AL36849PPY30133,Canis familiaris,dog,GA,abdominal fluid,peritonitis,Not UTI/urine/urinary tract
FL34741PPY30015,Canis familiaris,dog,FL,urine,uti,UTI/urine/urinary tract
FL34741PPY30034,Canis familiaris,dog,FL,abscess,infection,Not UTI/urine/urinary tract
FL34741PPY30046,Canis familiaris,dog,FL,urine,infection,Not UTI/urine/urinary tract
GA30602PPY30004,Canis familiaris,dog,GA,urine,uti,UTI/urine/urinary tract
GA30602PPY30008,Canis familiaris,dog,GA,urine,uti,UTI/urine/urinary tract
GA30602PPY30014,Canis familiaris,dog,GA,urine,uti,UTI/urine/urinary tract
GA30602PPY30022,Canis familiaris,dog,GA,urine,uti,UTI/urine/urinary tract
GA30602PPY30031,Canis familiaris,dog,GA,urine,uti,UTI/urine/urinary tract
GA30602PPY30048,Canis familiaris,dog,GA,prostate,septic prostate,Not UTI/urine/urinary tract
GA30602PPY30060,Canis familiaris,dog,GA,urine,uti,UTI/urine/urinary tract
IA50014PPY30408,Canis familiaris,dog,IA,urine,urinary tract infection,UTI/urine/urinary tract
IA50014PPY30409,Canis familiaris,dog,IN,liver,systemic infection,Not UTI/urine/urinary tract
IA50014PPY30411,Canis familiaris,dog,IA,prostatitic fluid,uti,UTI/urine/urinary tract
IN47907PPY30038,Canis familiaris,dog,IN,nasal discharge,rhinitis,Not UTI/urine/urinary tract
IN47907PPY30061,Canis familiaris,dog,IN,urine cytocentesis,cystitis,Not UTI/urine/urinary tract
IN47907PPY30114,Canis familiaris,dog,IN,urine,cystitis,Not UTI/urine/urinary tract
IN47907PPY30141,Canis familiaris,dog,OH,abdominal fluid swab,pyometra,Not UTI/urine/urinary tract
KS66506PPY30014,Canis familiaris,dog,MO,urine,cystitis,Not UTI/urine/urinary tract
KS66506PPY30086,Canis familiaris,dog,KS,urine,cystitis,Not UTI/urine/urinary tract
KS66506PPY30137,Canis familiaris,dog,ND,urine,cystitis,Not UTI/urine/urinary tract
KS66506PPY30246,Canis familiaris,dog,KS,urine,cystitis,Not UTI/urine/urinary tract
KY40511PPY30004,Canis familiaris,dog,KY,lung,"septicemia, e coli",Not UTI/urine/urinary tract
KY40511PPY30118,Canis familiaris,dog,KY,urine,"aerobic culture, urinary tract infection",UTI/urine/urinary tract
KY42240PPY30068,Canis familiaris,dog,KY,urine,recurrent uti,UTI/urine/urinary tract
LA70803PPY30046,Canis familiaris,dog,LA,ear swab,otitis,Not UTI/urine/urinary tract
LA70803PPY30057,Canis familiaris,dog,LA,urine swab,cystitis,Not UTI/urine/urinary tract
LA70803PPY30095,Canis familiaris,dog,LA,urine,cystitis,Not UTI/urine/urinary tract
LA70803PPY30157,Canis familiaris,dog,LA,urine,cystitis,Not UTI/urine/urinary tract
MI48910PPY30016,Canis familiaris,dog,OH,lung,sepsis,Not UTI/urine/urinary tract
MI48910PPY30022,Canis familiaris,dog,MI,milk,mastitis,Not UTI/urine/urinary tract
MI48910PPY30025,Canis familiaris,dog,MI,urine,cystitis,Not UTI/urine/urinary tract
MI48910PPY30127,Canis familiaris,dog,MI,urine,cystitis,Not UTI/urine/urinary tract
MO65211PPY31001,Canis familiaris,dog,MO,lung,pulmonary edema,Not UTI/urine/urinary tract
MO65211PPY31019,Canis familiaris,dog,MO,urine,urinary tract infection,UTI/urine/urinary tract
MO65211PPY31042,Canis familiaris,dog,MO,urine,urinary tract infection,UTI/urine/urinary tract
MS39208PPY30137,Canis familiaris,dog,MS,throat swab,respiratory infection,Not UTI/urine/urinary tract
MS39208PPY30138,Canis familiaris,dog,MS,urine,urinary tract infection,UTI/urine/urinary tract
ND58102PPY30047,Canis familiaris,dog,MN,feces,enteritis,Not UTI/urine/urinary tract
ND58102PPY30262,Canis familiaris,dog,ND,urine,cystitis,Not UTI/urine/urinary tract
NE68583PPY30018,Canis familiaris,dog,NE,ear swab,otitis,Not UTI/urine/urinary tract
NY14853PPY30035,Canis familiaris,dog,NY,abscess,infection,Not UTI/urine/urinary tract
NY14853PPY30203,Canis familiaris,dog,NY,pleural fluid,infection,Not UTI/urine/urinary tract
NY14853PPY30210,Canis familiaris,dog,NY,wound,infection,Not UTI/urine/urinary tract
OH43068PPY30014,Canis familiaris,dog,OH,intestine,enterocolitis,Not UTI/urine/urinary tract
OH43068PPY30016,Canis familiaris,dog,OH,intestine,hemmorhagic enteritis,Not UTI/urine/urinary tract
SD57007PPY30301,Canis familiaris,dog,MN,vaginal swab,request aerobic culture,Not UTI/urine/urinary tract
SD57007PPY30302,Canis familiaris,dog,SD,urine,uti,UTI/urine/urinary tract
SD57007PPY30308,Canis familiaris,dog,SD,urine,uti,UTI/urine/urinary tract
SD57007PPY30311,Canis familiaris,dog,SD,feces,bacterial infection/diarrhea,Not UTI/urine/urinary tract
TN37220PPY30009,Canis familiaris,dog,TN,urine,uti,UTI/urine/urinary tract
TX77840PPY30007,Canis familiaris,dog,TX,urine,cystitis,Not UTI/urine/urinary tract
TX77840PPY30031,Canis familiaris,dog,TX,urine,cystitis,Not UTI/urine/urinary tract
WA99164PPY30002,Canis familiaris,dog,WA,urine,uti,UTI/urine/urinary tract
WA99164PPY30006,Canis familiaris,dog,ID,bile,cholangitis,Not UTI/urine/urinary tract
WA99164PPY30016,Canis familiaris,dog,ID,urine,uti,UTI/urine/urinary tract
WI53706PPY30015,Canis familiaris,dog,WI,liver,pneumonia,Not UTI/urine/urinary tract
WI53706PPY30020,Canis familiaris,dog,WI,urine,open,Not UTI/urine/urinary tract
AL36849PPY30001,Equus caballus,horse,FL,abdominal mass,abscess,Not UTI/urine/urinary tract
AL36849PPY30037,Equus caballus,horse,GA,abdominal fluid,peritonitis,Not UTI/urine/urinary tract
AL36849PPY30096,Equus caballus,horse,AL,uterine fluid,metritis,Not UTI/urine/urinary tract
CA95616PPY30023,Equus caballus,horse,CA,uterine swab,uterine culture,Not UTI/urine/urinary tract
CA95616PPY30101,Equus caballus,horse,CA,uterine swab,chronic uterine infection,Not UTI/urine/urinary tract
FL34741PPY30045,Equus caballus,horse,FL,uterine swab,infection,Not UTI/urine/urinary tract
FL34741PPY30047,Equus caballus,horse,FL,nasal,infection,Not UTI/urine/urinary tract
GA30602PPY30276,Equus caballus,horse,GA,uterine swab,endometriosis,Not UTI/urine/urinary tract
GA30602PPY30277,Equus caballus,horse,GA,wound swab,no history given,Not UTI/urine/urinary tract
GA30602PPY30279,Equus caballus,horse,GA,uterine,strility,Not UTI/urine/urinary tract
GA30602PPY30280,Equus caballus,horse,GA,uterine swab,no history - prebreeding,Not UTI/urine/urinary tract
GA30602PPY30286,Equus caballus,horse,NC,uterine swab,no history given,Not UTI/urine/urinary tract
IA50014PPY30306,Equus caballus,horse,IA,incision abscess,jejunocecostomy,Not UTI/urine/urinary tract
IA50014PPY30304,Equus caballus,horse,IA,uterine swab,endometriosis,Not UTI/urine/urinary tract
IN47907PPY30005,Equus caballus,horse,IN,tracheal wash,inflammatory airway disease,Not UTI/urine/urinary tract
IN47907PPY30094,Equus caballus,horse,IN,uterine swab,endometrial inflammation,Not UTI/urine/urinary tract
IN47907PPY30172,Equus caballus,horse,IN,blood,colibacillosis,Not UTI/urine/urinary tract
KY40511PPY30006,Equus caballus,horse,KY,kidney,"severe, suppurative colitis",Not UTI/urine/urinary tract
KY40511PPY30017,Equus caballus,horse,KY,lung,"peritonitis, bronchopneumonia",Not UTI/urine/urinary tract
KY40511PPY30111,Equus caballus,horse,KY,kidney,"massive peritonitis;septicemia,",Not UTI/urine/urinary tract
KY42240PPY30043,Equus caballus,horse,IN,intestine,enteritis,Not UTI/urine/urinary tract
KY42240PPY30059,Equus caballus,horse,KY,feces,chronic weight loss,Not UTI/urine/urinary tract
LA70803PPY30044,Equus caballus,horse,LA,blood,colic,Not UTI/urine/urinary tract
LA70803PPY30051,Equus caballus,horse,LA,uterus swab,metritis,Not UTI/urine/urinary tract
LA70803PPY30138,Equus caballus,horse,LA,incision swab,cellulitis,Not UTI/urine/urinary tract
LA70803PPY30158,Equus caballus,horse,LA,incision swab,cellulitis,Not UTI/urine/urinary tract
MI48910PPY30088,Equus caballus,horse,MI,uterine,pyometra,Not UTI/urine/urinary tract
MO65211PPY30801,Equus caballus,horse,MO,uterine swab,reproductive tract infection,Not UTI/urine/urinary tract
MO65211PPY30807,Equus caballus,horse,MO,uterine swab,reproductive tract infections,Not UTI/urine/urinary tract
MO65211PPY30832,Equus caballus,horse,MO,wound,injury,Not UTI/urine/urinary tract
MS39208PPY30076,Equus caballus,horse,MS,uterine swab,uterine infection,Not UTI/urine/urinary tract
MS39208PPY30134,Equus caballus,horse,MS,uterine swab,uterine infection,Not UTI/urine/urinary tract
MS39208PPY30135,Equus caballus,horse,MS,uterine swab,uterine infection,Not UTI/urine/urinary tract
NE68583PPY30031,Equus caballus,horse,NE,vaginal swab,endometritis,Not UTI/urine/urinary tract
NY14853PPY30042,Canis familiaris,dog,NY,uterus,infection,Not UTI/urine/urinary tract
NY14853PPY30206,Equus caballus,horse,PA,wound,infection,Not UTI/urine/urinary tract
OH43068PPY30043,Equus caballus,horse,OH,feces,four day old foal with 3-day history of diarrhea,Not UTI/urine/urinary tract
PA16802PPY30060,Equus caballus,horse,PA,uterine,bacterial infection,Not UTI/urine/urinary tract
PA16802PPY30068,Equus caballus,horse,PA,rectal swab,bacterial infection,Not UTI/urine/urinary tract
PA17110PPY30013,Equus caballus,horse,MD,feces,NA,Not UTI/urine/urinary tract
PA19348PPY30002,Equus caballus,horse,PA,incision,colic,Not UTI/urine/urinary tract
PA19348PPY30020,Equus caballus,horse,PA,uterine,breeding management,Not UTI/urine/urinary tract
PA19348PPY30025,Equus caballus,horse,PA,blood,patent urachus/sepsis/entercolitis,Not UTI/urine/urinary tract
TN37220PPY30021,Equus caballus,horse,TN,uterus,uterine infection/pre-breeding,Not UTI/urine/urinary tract
TN37220PPY30024,Equus caballus,horse,TN,uterus,uterine infection/pre-breeding,Not UTI/urine/urinary tract
WA99164PPY30026,Equus caballus,horse,OR,blood culture bottle,septicemia,Not UTI/urine/urinary tract
WA99164PPY30027,Equus caballus,horse,WA,umbilicus,infection,Not UTI/urine/urinary tract
WI53706PPY30069,Equus caballus,horse,WI,urine,open,Not UTI/urine/urinary tract
FL34741PPY30024,Sus domesticus,swine,FL,abscess,infection,Not UTI/urine/urinary tract
GA30602PPY30501,Sus domesticus,swine,GA,lung/ liver,death,Not UTI/urine/urinary tract
GA30602PPY30502,Sus domesticus,swine,SC,urine,uti,UTI/urine/urinary tract
IA50014PPY30102,Sus domesticus,swine,IA,intestine,enteritis,Not UTI/urine/urinary tract
IA50014PPY30105,Sus domesticus,swine,MO,intestine,enteritis,Not UTI/urine/urinary tract
IN47907PPY30034,Sus domesticus,swine,IN,lung,"bronchopneumonia, supprative",Not UTI/urine/urinary tract
IN47907PPY30093,Sus domesticus,swine,IN,rectal swab,scours,Not UTI/urine/urinary tract
IN47907PPY30134,Sus domesticus,swine,IN,nasal cavity tissue,rhinitis,Not UTI/urine/urinary tract
KS66506PPY30006,Sus domesticus,swine,KS,intestine,enteritis,Not UTI/urine/urinary tract
KS66506PPY30082,Sus domesticus,swine,NE,fecal swab,enteritis,Not UTI/urine/urinary tract
KS66506PPY30181,Sus domesticus,swine,HI,feces,enteritis,Not UTI/urine/urinary tract
KS66506PPY30234,Sus domesticus,swine,NE,rectal swab,enteritis,Not UTI/urine/urinary tract
KY42240PPY30011,Sus domesticus,swine,KY,intestine,septicemia,Not UTI/urine/urinary tract
KY42240PPY30063,Sus domesticus,swine,KY,lung,septicemia,Not UTI/urine/urinary tract
MI48910PPY30040,Sus domesticus,swine,MI,feces,enteritis,Not UTI/urine/urinary tract
MN55108PPY30248,Sus domesticus,swine,OK,intestine,bronchopneumonia,Not UTI/urine/urinary tract
MN55108PPY30255,Sus domesticus,swine,MN,intestine,enteritis,Not UTI/urine/urinary tract
MN55108PPY30256,Sus domesticus,swine,MN,intestine,colitis,Not UTI/urine/urinary tract
MO65211PPY30401,Sus domesticus,swine,MO,small intestine,colibacillosis,Not UTI/urine/urinary tract
ND58102PPY30273,Sus domesticus,swine,ND,intestine,colitis,Not UTI/urine/urinary tract
NE68583PPY30098,Sus domesticus,swine,NE,lung/liv/sc,bacterial abortion,Not UTI/urine/urinary tract
NY14853PPY30002,Sus domesticus,swine,NY,bone,infection,Not UTI/urine/urinary tract
NY14853PPY30075,Sus domesticus,swine,PA,abscess,infection,Not UTI/urine/urinary tract
PA16802PPY30059,Sus domesticus,swine,PA,jejunum,enteritis and polyserositis,Not UTI/urine/urinary tract
PA16802PPY30080,Sus domesticus,swine,PA,jejunum 1,multiple bacterial pathogens recovered,Not UTI/urine/urinary tract
PA16802PPY30120,Sus domesticus,swine,PA,feces,e. coli recovered,Not UTI/urine/urinary tract
SD57007PPY30139,Sus domesticus,swine,NE,intestine,"bronchopneumonia, enteritis",Not UTI/urine/urinary tract
SD57007PPY30159,Sus domesticus,swine,SD,lung,fibrinosuppurative necrotizing polyserositis,Not UTI/urine/urinary tract
WI53706PPY30108,Sus domesticus,swine,WI,lung,pneumonia,Not UTI/urine/urinary tract
WI53706PPY30140,Sus domesticus,swine,WI,liver,severe enteritis,Not UTI/urine/urinary tract
IA50014PPY30201,Meleagris gallopavo,turkey,IA,liver,mortality,Not UTI/urine/urinary tract
MN55108PPY20302,Meleagris gallopavo,turkey,MN,liver,necrotizing hepatitis,Not UTI/urine/urinary tract
MN55108PPY20312,Meleagris gallopavo,turkey,MN,lung,reoviral hepatitis and  bacterial sepsis,Not UTI/urine/urinary tract
MN55108PPY30301,Meleagris gallopavo,turkey,MN,heart,colibacillosis,Not UTI/urine/urinary tract
MN55108PPY30309,Meleagris gallopavo,turkey,MN,tendon,heterophilic osteomyelitis,Not UTI/urine/urinary tract
NY14853PPY30095,Meleagris gallopavo,turkey,NY,wound,infection,Not UTI/urine/urinary tract
PA16802PPY30004,Meleagris gallopavo,turkey,PA,heart,bacterial infection,Not UTI/urine/urinary tract
PA16802PPY30086,Meleagris gallopavo,turkey,PA,joint,e. coli infection,Not UTI/urine/urinary tract
PA16802PPY30118,Meleagris gallopavo,turkey,PA,pericardium 2,e. coli infection,Not UTI/urine/urinary tract
SD57007PPY30172,Meleagris gallopavo,turkey,SD,lung,pneumonia and pleuritis,Not UTI/urine/urinary tract
SD57007PPY30173,Meleagris gallopavo,turkey,SD,lung,"pneumonia, epicarditis, airsacculitis",Not UTI/urine/urinary tract
SD57007PPY30178,Meleagris gallopavo,turkey,SD,liver,enteritis and typhilitis,Not UTI/urine/urinary tract
SD57007PPY30194,Meleagris gallopavo,turkey,SD,yolk sac,intestinal coccidiosis,Not UTI/urine/urinary tract
SD57007PPY30198,Meleagris gallopavo,turkey,SD,lung,fibrinoheterophilic pleuropneumonia,Not UTI/urine/urinary tract
AL36849PPY40014,Felis catus,cat,GA,urine,urinary tract infection,UTI/urine/urinary tract
AL36849PPY40092,Felis catus,cat,GA,urine,urinary tract infection,UTI/urine/urinary tract
FL34741PPY40010,Felis catus,cat,FL,urine,uti,UTI/urine/urinary tract
GA30602PPY40106,Felis catus,cat,GA,urine,uti,UTI/urine/urinary tract
IA50014PPY40406,Felis catus,cat,IA,urine,uti,UTI/urine/urinary tract
IN47907PPY40009,Felis catus,cat,IN,urine cytocentesis,cystitis,Not UTI/urine/urinary tract
KS66506PPY40073,Felis catus,cat,NE,urine,cystitis,Not UTI/urine/urinary tract
KS66506PPY40122,Felis catus,cat,KS,urine,cystitis,Not UTI/urine/urinary tract
KY40511PPY40070,Felis catus,cat,KY,lung,bacterial septicemia,Not UTI/urine/urinary tract
LA70803PPY40008,Felis catus,cat,LA,urine,cystitis,Not UTI/urine/urinary tract
LA70803PPY40037,Felis catus,cat,LA,urine,cystitis,Not UTI/urine/urinary tract
MI48910PPY40005,Felis catus,cat,MI,urine,cystitis,Not UTI/urine/urinary tract
MI48910PPY40037,Felis catus,cat,PA,urine,cystitis,Not UTI/urine/urinary tract
MI48910PPY40077,Felis catus,cat,MI,urine,uti,UTI/urine/urinary tract
MO65211PPY41201,Felis catus,cat,MO,urine,urinary tract infection,UTI/urine/urinary tract
MO65211PPY41212,Felis catus,cat,MO,urine,urinary tract infection,UTI/urine/urinary tract
MO65211PPY41214,Felis catus,cat,MO,wound tissue,injury,Not UTI/urine/urinary tract
MO65211PPY41215,Felis catus,cat,MO,urine,urinary tract infection,UTI/urine/urinary tract
MS39208PPY40007,Felis catus,cat,MS,urine swab,urinary tract infection,UTI/urine/urinary tract
MS39208PPY40240,Felis catus,cat,MS,urine,urinary tract infection,UTI/urine/urinary tract
NC27607PPY40008,Felis catus,cat,NC,paw pad ulceration  swab,abscess,Not UTI/urine/urinary tract
ND58102PPY40033,Felis catus,cat,MN,urine,cystitis,Not UTI/urine/urinary tract
ND58102PPY40074,Felis catus,cat,ND,feces,enteritis,Not UTI/urine/urinary tract
NE68583PPY40023,Felis catus,cat,NE,feces,enteritis,Not UTI/urine/urinary tract
TX77840PPY40015,Felis catus,cat,TX,urine,cystitis,Not UTI/urine/urinary tract
TX77840PPY40196,Felis catus,cat,AZ,urine,cystitis,Not UTI/urine/urinary tract
WA99164PPY40005,Felis catus,cat,WA,urine,uti,UTI/urine/urinary tract
WA99164PPY40066,Felis catus,cat,WA,urine,uti,UTI/urine/urinary tract
WI53706PPY40193,Felis catus,cat,WI,lung,feline panleukopenia virus,Not UTI/urine/urinary tract
FL34741PPY40020,Gallus gallus,chicken,FL,liver,necropsy,Not UTI/urine/urinary tract
IN47907PPY40017,Gallus gallus,chicken,IN,peritoneal cavity swab,colibacillosis,Not UTI/urine/urinary tract
IN47907PPY40018,Gallus gallus,chicken,IN,trachea,colibacillosis,Not UTI/urine/urinary tract
IN47907PPY40070,Gallus gallus,chicken,IN,liver/spleen,"infected egg yolk peritonitis, with colibacillosis",Not UTI/urine/urinary tract
KY40511PPY40106,Gallus gallus,chicken,KY,lung,"conjunctivitis, omphalitis, cellulitis, sinusitis",Not UTI/urine/urinary tract
MN55108PPY40320,Gallus gallus,chicken,MN,heart,septicemia,Not UTI/urine/urinary tract
MO65211PPY40601,Gallus gallus,chicken,MO,liver,enteritis,Not UTI/urine/urinary tract
MO65211PPY40616,Gallus gallus,chicken,MO,liver,peritonitis,Not UTI/urine/urinary tract
MO65211PPY40620,Gallus gallus,chicken,MO,liver,peritonitis,Not UTI/urine/urinary tract
MS39208PPY40070,Gallus gallus,chicken,MS,bone marrow,colisepticemia,Not UTI/urine/urinary tract
NC27607PPY40004,Gallus gallus,chicken,NC,spleen,colisepticemia,Not UTI/urine/urinary tract
NC27607PPY40015,Gallus gallus,chicken,NC,peritoneal swab,peritonitis,Not UTI/urine/urinary tract
NE68583PPY40111,Gallus gallus,chicken,NE,pericardial sac,sepsis,Not UTI/urine/urinary tract
PA16802PPY40004,Gallus gallus,chicken,PA,pericardium,bacterial septicemia/polyserositis - e. coli,Not UTI/urine/urinary tract
PA16802PPY40034,Gallus gallus,chicken,PA,peritoneum,positive fecal float: e. coli recovered,Not UTI/urine/urinary tract
TX77840PPY40009,Gallus gallus,chicken,TX,heart,endocarditis,Not UTI/urine/urinary tract
TX77840PPY40173,Gallus gallus,chicken,TX,abdomen,peritonitis,Not UTI/urine/urinary tract
WA99164PPY40018,Gallus gallus,chicken,WA,oviduct,salpingitis,Not UTI/urine/urinary tract
WI53706PPY40001,Gallus gallus,chicken,WI,lung,ovarian cancer,Not UTI/urine/urinary tract
WI53706PPY40092,Gallus gallus,chicken,WI,intestine,ovarian adenocarcinoma with coelomic carcinomatosis,Not UTI/urine/urinary tract
AL36849PPY40039,Bos taurus,cattle,AL,uterus,metritis,Not UTI/urine/urinary tract
AL36849PPY40077,Bos taurus,cattle,AL,milk,mastitis,Not UTI/urine/urinary tract
AL36849PPY40103,Bos taurus,cattle,AL,joint tissue,septic arthritis,Not UTI/urine/urinary tract
FL34741PPY40001,Bos taurus,cattle,FL,milk,mastitis,Not UTI/urine/urinary tract
GA30602PPY40381,Bos taurus,cattle,GA,feces,diarrhea,Not UTI/urine/urinary tract
GA30602PPY40382,Bos taurus,cattle,CO,lung,sepsis,Not UTI/urine/urinary tract
IA50014PPY40016,Bos taurus,cattle,NE,intestine,enteritis,Not UTI/urine/urinary tract
IN47907PPY40002,Bos taurus,cattle,IN,swab umbilical abscess,umbilical abscess,Not UTI/urine/urinary tract
IN47907PPY40050,Bos taurus,cattle,IN,brain stem,septicemia,Not UTI/urine/urinary tract
KY40511PPY40056,Bos taurus,cattle,KY,liver,septicemia,Not UTI/urine/urinary tract
MO65211PPY40101,Bos taurus,cattle,IL,intestine,enteritis,Not UTI/urine/urinary tract
MO65211PPY40102,Bos taurus,cattle,MO,synovial fluid,septic arthritis,Not UTI/urine/urinary tract
MS39208PPY40030,Bos taurus,cattle,MS,intestine,gastroenteritis,Not UTI/urine/urinary tract
ND58102PPY40045,Bos taurus,cattle,ND,intestine,enterocolitis,Not UTI/urine/urinary tract
ND58102PPY40102,Bos taurus,cattle,ND,intestine,enteritis,Not UTI/urine/urinary tract
NE68583PPY40096,Bos taurus,cattle,NE,feces,enteritis,Not UTI/urine/urinary tract
PA16802PPY40001,Bos taurus,cattle,PA,jejunum,"sepsis (possible colibacillosis)
multiple antibiotic resistant e coli",Not UTI/urine/urinary tract
SD57007PPY40068,Bos taurus,cattle,SD,liver,enteritis,Not UTI/urine/urinary tract
TX77840PPY40164,Bos taurus,cattle,TX,feces,enteritis,Not UTI/urine/urinary tract
WI53706PPY40003,Bos taurus,cattle,OH,lung,septicemia,Not UTI/urine/urinary tract
AL36849PPY40023,Canis familiaris,dog,AL,urine,urinary tract infection,UTI/urine/urinary tract
AL36849PPY40075,Canis familiaris,dog,NC,skin biopsy,pyoderma,Not UTI/urine/urinary tract
FL34741PPY40015,Canis familiaris,dog,FL,semen,infection,Not UTI/urine/urinary tract
GA30602PPY40041,Canis familiaris,dog,GA,urine,uti,UTI/urine/urinary tract
GA30602PPY40049,Canis familiaris,dog,GA,urine,uti,UTI/urine/urinary tract
IA50014PPY40409,Canis familiaris,dog,IA,ear,otitis,Not UTI/urine/urinary tract
IN47907PPY40035,Canis familiaris,dog,IN,urine cytocentesis,impa with history of resistent e. coli due to steroid immunosuppression,Not UTI/urine/urinary tract
KS66506PPY40009,Canis familiaris,dog,KS,urine,cystitis,Not UTI/urine/urinary tract
KS66506PPY40152,Canis familiaris,dog,KS,urine,cystitis,Not UTI/urine/urinary tract
KY40511PPY40010,Canis familiaris,dog,KY,urine,urinary tract infection,UTI/urine/urinary tract
KY40511PPY40084,Canis familiaris,dog,KY,urine,urinary tract infection,UTI/urine/urinary tract
LA70803PPY40003,Canis familiaris,dog,LA,urine,cystitis,Not UTI/urine/urinary tract
LA70803PPY40026,Canis familiaris,dog,LA,urine,cystitis,Not UTI/urine/urinary tract
LA70803PPY40046,Canis familiaris,dog,LA,urine,cystitis,Not UTI/urine/urinary tract
LA70803PPY40058,Canis familiaris,dog,LA,urine,cystitis,Not UTI/urine/urinary tract
MI48910PPY40018,Canis familiaris,dog,MI,urine,cystitis,Not UTI/urine/urinary tract
MI48910PPY40064,Canis familiaris,dog,MI,urine,cystitis,Not UTI/urine/urinary tract
MO65211PPY41001,Canis familiaris,dog,MO,urine,urinary tract infection,UTI/urine/urinary tract
MO65211PPY41034,Canis familiaris,dog,MO,urine,urinary tract infection,UTI/urine/urinary tract
MS39208PPY40005,Canis familiaris,dog,MS,urine,urinary tract infection,UTI/urine/urinary tract
NC27607PPY40009,Canis familiaris,dog,NC,vaginal discharge swab,endometritis,Not UTI/urine/urinary tract
ND58102PPY40015,Canis familiaris,dog,ND,urine,cystitis,Not UTI/urine/urinary tract
ND58102PPY40088,Canis familiaris,dog,ND,urine,cystitis,Not UTI/urine/urinary tract
NE68583PPY40019,Canis familiaris,dog,NE,urine,cycstitis,Not UTI/urine/urinary tract
TX77840PPY40019,Canis familiaris,dog,TX,urine,cystitis,Not UTI/urine/urinary tract
TX77840PPY40195,Canis familiaris,dog,TX,urine,cystitis,Not UTI/urine/urinary tract
WA99164PPY40006,Canis familiaris,dog,ID,urine,uti,UTI/urine/urinary tract
WA99164PPY40007,Canis familiaris,dog,WA,urine,uti,UTI/urine/urinary tract
WA99164PPY40047,Canis familiaris,dog,WA,blood,infection,Not UTI/urine/urinary tract
WI53706PPY40046,Canis familiaris,dog,WI,urine,open,Not UTI/urine/urinary tract
WI53706PPY40059,Canis familiaris,dog,WI,urine,uti,UTI/urine/urinary tract
AL36849PPY40048,Equus caballus,horse,GA,abdominal fluid,peritonitis,Not UTI/urine/urinary tract
AL36849PPY40102,Equus caballus,horse,GA,blood,septicemia,Not UTI/urine/urinary tract
FL34741PPY40024,Equus caballus,horse,FL,fistula,infection,Not UTI/urine/urinary tract
GA30602PPY40297,Equus caballus,horse,SC,uterine,unable to breed,Not UTI/urine/urinary tract
GA30602PPY40305,Equus caballus,horse,SC,uterine,breeding,Not UTI/urine/urinary tract
IA50014PPY40313,Equus caballus,horse,IA,uterus,endometritis,Not UTI/urine/urinary tract
IN47907PPY40092,Equus caballus,horse,IL,thoracic fluid,strangles,Not UTI/urine/urinary tract
KY40511PPY40018,Equus caballus,horse,KY,uterus,endometritis,Not UTI/urine/urinary tract
KY40511PPY40066,Equus caballus,horse,KY,lung,septicemia,Not UTI/urine/urinary tract
LA70803PPY40011,Equus caballus,horse,LA,urine,urinary tract infection,UTI/urine/urinary tract
MI48910PPY40040,Equus caballus,horse,MI,uterine,pyometra,Not UTI/urine/urinary tract
MI48910PPY40058,Equus caballus,horse,MI,uterine,pyometra,Not UTI/urine/urinary tract
MO65211PPY40801,Equus caballus,horse,OK,uterine swab,"endometrium, grade iia",Not UTI/urine/urinary tract
MO65211PPY40802,Equus caballus,horse,OK,uterine swab,"endometrium, grade iib",Not UTI/urine/urinary tract
MO65211PPY40817,Equus caballus,horse,OK,uterine swab,reproductive tract infection,Not UTI/urine/urinary tract
MS39208PPY40008,Equus caballus,horse,MS,pleural fluid,respiratory infection,Not UTI/urine/urinary tract
MS39208PPY40241,Equus caballus,horse,MS,uterine swab,uterine infection,Not UTI/urine/urinary tract
NE68583PPY40066,Equus caballus,horse,NE,uterine swab,vaginitis,Not UTI/urine/urinary tract
WA99164PPY40037,Equus caballus,horse,WA,synovial fluid,infection,Not UTI/urine/urinary tract
WA99164PPY40058,Equus caballus,horse,WA,blood,bacteremia,Not UTI/urine/urinary tract
WI53706PPY40104,Equus caballus,horse,WI,lung,bronchopneumonia,Not UTI/urine/urinary tract
WI53706PPY40248,Equus caballus,horse,WI,lung,salmonellosis,Not UTI/urine/urinary tract
IA50014PPY40112,Sus domesticus,swine,IA,intestine,colibacillosis,Not UTI/urine/urinary tract
IN47907PPY40033,Sus domesticus,swine,IN,lung,salmonellosis,Not UTI/urine/urinary tract
KS66506PPY40005,Sus domesticus,swine,KS,ileum,enteritis,Not UTI/urine/urinary tract
KS66506PPY40066,Sus domesticus,swine,KS,feces,enteritis,Not UTI/urine/urinary tract
MN55108PPY40250,Sus domesticus,swine,MN,intestine,enteritis,Not UTI/urine/urinary tract
MN55108PPY40271,Sus domesticus,swine,MN,intestine,enteritis,Not UTI/urine/urinary tract
SD57007PPY40149,Sus domesticus,swine,SD,intestine,enteritis,Not UTI/urine/urinary tract
WI53706PPY40203,Sus domesticus,swine,WI,kidney,porcine circovirus-2; pyelonephritis; septicemia,Not UTI/urine/urinary tract
WI53706PPY40224,Sus domesticus,swine,WI,lung,viral pneumonia,Not UTI/urine/urinary tract
IA50014PPY40209,Meleagris gallopavo,turkey,IL,heart,septicemia,Not UTI/urine/urinary tract
MN55108PPY40306,Meleagris gallopavo,turkey,MN,heart,colibacillosis,Not UTI/urine/urinary tract
MO65211PPY40605,Meleagris gallopavo,turkey,MO,liver,peritonitis,Not UTI/urine/urinary tract
SD57007PPY40190,Meleagris gallopavo,turkey,SD,lung,"pneumonia, splenitis",Not UTI/urine/urinary tract
WA99164PPY40076,Meleagris gallopavo,turkey,ID,joint wound,septic joint,Not UTI/urine/urinary tract
