model,mic_id,breakpoint,.metric,.estimate
Base,amikacin,clsi,spec,1
Base,amikacin,clsi,sens,0.5970149253731343
Base,amikacin,clsi,ppv,1
Base,amikacin,clsi,npv,0.06896551724137935
Base,amikacin,clsi,accuracy,0.6086956521739131
Base,amikacin,clsi,f_meas,0.7476635514018691
Base,amoxicillin_clavulanic_acid,clsi,spec,0.3829787234042553
Base,amoxicillin_clavulanic_acid,clsi,sens,0.8095238095238095
Base,amoxicillin_clavulanic_acid,clsi,ppv,0.3695652173913043
Base,amoxicillin_clavulanic_acid,clsi,npv,0.8181818181818181
Base,amoxicillin_clavulanic_acid,clsi,accuracy,0.5147058823529411
Base,amoxicillin_clavulanic_acid,clsi,f_meas,0.5074626865671641
Base,ampicillin,clsi,spec,0.8035714285714286
Base,ampicillin,clsi,sens,0.9166666666666666
Base,ampicillin,clsi,ppv,0.33333333333333337
Base,ampicillin,clsi,npv,0.989010989010989
Base,ampicillin,clsi,accuracy,0.8145161290322581
Base,ampicillin,clsi,f_meas,0.4888888888888888
Base,cefazolin,clsi,spec,0.7727272727272727
Base,cefazolin,clsi,sens,0.96
Base,cefazolin,clsi,ppv,0.8275862068965516
Base,cefazolin,clsi,npv,0.9444444444444444
Base,cefazolin,clsi,accuracy,0.8723404255319149
Base,cefazolin,clsi,f_meas,0.888888888888889
Base,cefovecin,clsi,spec,1
Base,cefovecin,clsi,sens,0.9047619047619048
Base,cefovecin,clsi,ppv,1
Base,cefovecin,clsi,npv,0.75
Base,cefovecin,clsi,accuracy,0.9259259259259259
Base,cefovecin,clsi,f_meas,0.9500000000000001
Base,cefpodoxime,clsi,spec,0.8333333333333334
Base,cefpodoxime,clsi,sens,1
Base,cefpodoxime,clsi,ppv,0.9333333333333332
Base,cefpodoxime,clsi,npv,1
Base,cefpodoxime,clsi,accuracy,0.95
Base,cefpodoxime,clsi,f_meas,0.9655172413793104
Base,ceftazidime,clsi,spec,1
Base,ceftazidime,clsi,sens,0.9473684210526315
Base,ceftazidime,clsi,ppv,1
Base,ceftazidime,clsi,npv,0.8749999999999999
Base,ceftazidime,clsi,accuracy,0.9615384615384616
Base,ceftazidime,clsi,f_meas,0.972972972972973
Base,cephalexin,clsi,spec,0.5
Base,cephalexin,clsi,sens,0.7
Base,cephalexin,clsi,ppv,0.35
Base,cephalexin,clsi,npv,0.8125
Base,cephalexin,clsi,accuracy,0.5555555555555556
Base,cephalexin,clsi,f_meas,0.4666666666666667
Base,enrofloxacin,clsi,spec,0.875
Base,enrofloxacin,clsi,sens,0.5853658536585366
Base,enrofloxacin,clsi,ppv,0.96
Base,enrofloxacin,clsi,npv,0.2916666666666666
Base,enrofloxacin,clsi,accuracy,0.6326530612244898
Base,enrofloxacin,clsi,f_meas,0.7272727272727272
Base,gentamicin,clsi,spec,0.8181818181818182
Base,gentamicin,clsi,sens,1
Base,gentamicin,clsi,ppv,0.9666666666666667
Base,gentamicin,clsi,npv,1
Base,gentamicin,clsi,accuracy,0.9710144927536232
Base,gentamicin,clsi,f_meas,0.983050847457627
Base,marbofloxacin,clsi,spec,1
Base,marbofloxacin,clsi,sens,0.3076923076923077
Base,marbofloxacin,clsi,ppv,1
Base,marbofloxacin,clsi,npv,0.20000000000000007
Base,marbofloxacin,clsi,accuracy,0.4098360655737705
Base,marbofloxacin,clsi,f_meas,0.47058823529411764
Base,orbifloxacin,clsi,spec,1
Base,orbifloxacin,clsi,sens,0.46
Base,orbifloxacin,clsi,ppv,1
Base,orbifloxacin,clsi,npv,0.2702702702702702
Base,orbifloxacin,clsi,accuracy,0.55
Base,orbifloxacin,clsi,f_meas,0.6301369863013699
Base,piperacillin_tazobactam,clsi,spec,1
Base,piperacillin_tazobactam,clsi,sens,0.8157894736842105
Base,piperacillin_tazobactam,clsi,ppv,1
Base,piperacillin_tazobactam,clsi,npv,0.12500000000000008
Base,piperacillin_tazobactam,clsi,accuracy,0.8205128205128205
Base,piperacillin_tazobactam,clsi,f_meas,0.898550724637681
Base,pradofloxacin,clsi,spec,0.8888888888888888
Base,pradofloxacin,clsi,sens,0.3269230769230769
Base,pradofloxacin,clsi,ppv,0.9444444444444444
Base,pradofloxacin,clsi,npv,0.18604651162790703
Base,pradofloxacin,clsi,accuracy,0.4098360655737705
Base,pradofloxacin,clsi,f_meas,0.48571428571428577
Base,ceftiofur,clsi,spec,0.8181818181818182
Base,ceftiofur,clsi,sens,0.9666666666666667
Base,ceftiofur,clsi,ppv,0.9354838709677419
Base,ceftiofur,clsi,npv,0.9
Base,ceftiofur,clsi,accuracy,0.926829268292683
Base,ceftiofur,clsi,f_meas,0.9508196721311476
Base,ampicillin,ecoff,spec,0.7894736842105263
Base,ampicillin,ecoff,sens,0.9411764705882353
Base,ampicillin,ecoff,ppv,0.7999999999999999
Base,ampicillin,ecoff,npv,0.9375
Base,ampicillin,ecoff,accuracy,0.8611111111111112
Base,ampicillin,ecoff,f_meas,0.8648648648648648
Base,cefazolin,ecoff,spec,0.8333333333333334
Base,cefazolin,ecoff,sens,0.6666666666666666
Base,cefazolin,ecoff,ppv,0.9523809523809523
Base,cefazolin,ecoff,npv,0.3333333333333332
Base,cefazolin,ecoff,accuracy,0.6944444444444444
Base,cefazolin,ecoff,f_meas,0.7843137254901961
Base,cefpodoxime,ecoff,spec,0.5
Base,cefpodoxime,ecoff,sens,0.967741935483871
Base,cefpodoxime,ecoff,ppv,0.9375
Base,cefpodoxime,ecoff,npv,0.6666666666666669
Base,cefpodoxime,ecoff,accuracy,0.9142857142857143
Base,cefpodoxime,ecoff,f_meas,0.9523809523809523
Base,ceftazidime,ecoff,spec,0.8
Base,ceftazidime,ecoff,sens,1
Base,ceftazidime,ecoff,ppv,0.9285714285714285
Base,ceftazidime,ecoff,npv,1
Base,ceftazidime,ecoff,accuracy,0.9444444444444444
Base,ceftazidime,ecoff,f_meas,0.962962962962963
Base,chloramphenicol,ecoff,spec,0.9090909090909091
Base,chloramphenicol,ecoff,sens,0.956989247311828
Base,chloramphenicol,ecoff,ppv,0.9888888888888889
Base,chloramphenicol,ecoff,npv,0.7142857142857143
Base,chloramphenicol,ecoff,accuracy,0.9519230769230769
Base,chloramphenicol,ecoff,f_meas,0.9726775956284154
Base,doxycycline,ecoff,spec,0.8571428571428571
Base,doxycycline,ecoff,sens,0.9666666666666667
Base,doxycycline,ecoff,ppv,0.9666666666666666
Base,doxycycline,ecoff,npv,0.8571428571428571
Base,doxycycline,ecoff,accuracy,0.9459459459459459
Base,doxycycline,ecoff,f_meas,0.9666666666666667
Base,enrofloxacin,ecoff,spec,0.42105263157894735
Base,enrofloxacin,ecoff,sens,0.88
Base,enrofloxacin,ecoff,ppv,0.7999999999999999
Base,enrofloxacin,ecoff,npv,0.5714285714285714
Base,enrofloxacin,ecoff,accuracy,0.7536231884057971
Base,enrofloxacin,ecoff,f_meas,0.8380952380952381
Base,gentamicin,ecoff,spec,0.9565217391304348
Base,gentamicin,ecoff,sens,0.9607843137254902
Base,gentamicin,ecoff,ppv,0.9898989898989898
Base,gentamicin,ecoff,npv,0.8461538461538463
Base,gentamicin,ecoff,accuracy,0.96
Base,gentamicin,ecoff,f_meas,0.9751243781094527
Base,tetracycline,ecoff,spec,0.9444444444444444
Base,tetracycline,ecoff,sens,0.963963963963964
Base,tetracycline,ecoff,ppv,0.9727272727272728
Base,tetracycline,ecoff,npv,0.9272727272727272
Base,tetracycline,ecoff,accuracy,0.9575757575757575
Base,tetracycline,ecoff,f_meas,0.9683257918552037
Base,trimethoprim_sulfamethoxazole,ecoff,spec,0.926829268292683
Base,trimethoprim_sulfamethoxazole,ecoff,sens,1
Base,trimethoprim_sulfamethoxazole,ecoff,ppv,0.9736842105263158
Base,trimethoprim_sulfamethoxazole,ecoff,npv,1
Base,trimethoprim_sulfamethoxazole,ecoff,accuracy,0.9802631578947368
Base,trimethoprim_sulfamethoxazole,ecoff,f_meas,0.9866666666666666
Base,amoxicillin,ecoff,spec,0.9166666666666666
Base,amoxicillin,ecoff,sens,0.9545454545454546
Base,amoxicillin,ecoff,ppv,0.9545454545454546
Base,amoxicillin,ecoff,npv,0.9166666666666667
Base,amoxicillin,ecoff,accuracy,0.9411764705882353
Base,amoxicillin,ecoff,f_meas,0.9545454545454546
Base,ceftiofur,ecoff,spec,0.8666666666666667
Base,ceftiofur,ecoff,sens,0.9705882352941176
Base,ceftiofur,ecoff,ppv,0.9705882352941176
Base,ceftiofur,ecoff,npv,0.8666666666666667
Base,ceftiofur,ecoff,accuracy,0.9518072289156626
Base,ceftiofur,ecoff,f_meas,0.9705882352941176
Base,neomycin,ecoff,spec,0.7692307692307693
Base,neomycin,ecoff,sens,1
Base,neomycin,ecoff,ppv,0.918918918918919
Base,neomycin,ecoff,npv,1
Base,neomycin,ecoff,accuracy,0.9361702127659575
Base,neomycin,ecoff,f_meas,0.9577464788732395
Base,spectinomycin,ecoff,spec,0.95
Base,spectinomycin,ecoff,sens,0.9402985074626866
Base,spectinomycin,ecoff,ppv,0.984375
Base,spectinomycin,ecoff,npv,0.8260869565217392
Base,spectinomycin,ecoff,accuracy,0.9425287356321839
Base,spectinomycin,ecoff,f_meas,0.9618320610687023
Base,streptomycin,ecoff,spec,0.8888888888888888
Base,streptomycin,ecoff,sens,0.9166666666666666
Base,streptomycin,ecoff,ppv,0.9565217391304348
Base,streptomycin,ecoff,npv,0.7999999999999999
Base,streptomycin,ecoff,accuracy,0.9090909090909091
Base,streptomycin,ecoff,f_meas,0.9361702127659574
Base,ticarcillin_clavulanic_acid,ecoff,spec,0.4
Base,ticarcillin_clavulanic_acid,ecoff,sens,0.88
Base,ticarcillin_clavulanic_acid,ecoff,ppv,0.88
Base,ticarcillin_clavulanic_acid,ecoff,npv,0.3999999999999999
Base,ticarcillin_clavulanic_acid,ecoff,accuracy,0.8
Base,ticarcillin_clavulanic_acid,ecoff,f_meas,0.88
Binary,amikacin,clsi,spec,1
Binary,amikacin,clsi,sens,0.5970149253731343
Binary,amikacin,clsi,ppv,1
Binary,amikacin,clsi,npv,0.06896551724137935
Binary,amikacin,clsi,accuracy,0.6086956521739131
Binary,amikacin,clsi,f_meas,0.7476635514018691
Binary,amoxicillin_clavulanic_acid,clsi,spec,0.6382978723404256
Binary,amoxicillin_clavulanic_acid,clsi,sens,0.8095238095238095
Binary,amoxicillin_clavulanic_acid,clsi,ppv,0.5
Binary,amoxicillin_clavulanic_acid,clsi,npv,0.8823529411764706
Binary,amoxicillin_clavulanic_acid,clsi,accuracy,0.6911764705882353
Binary,amoxicillin_clavulanic_acid,clsi,f_meas,0.6181818181818182
Binary,ampicillin,clsi,spec,0.9107142857142857
Binary,ampicillin,clsi,sens,0.75
Binary,ampicillin,clsi,ppv,0.4736842105263157
Binary,ampicillin,clsi,npv,0.9714285714285714
Binary,ampicillin,clsi,accuracy,0.8951612903225806
Binary,ampicillin,clsi,f_meas,0.5806451612903226
Binary,cefazolin,clsi,spec,0.8181818181818182
Binary,cefazolin,clsi,sens,0.96
Binary,cefazolin,clsi,ppv,0.8571428571428571
Binary,cefazolin,clsi,npv,0.9473684210526315
Binary,cefazolin,clsi,accuracy,0.8936170212765957
Binary,cefazolin,clsi,f_meas,0.9056603773584904
Binary,cefovecin,clsi,spec,0.8333333333333334
Binary,cefovecin,clsi,sens,0.9523809523809523
Binary,cefovecin,clsi,ppv,0.9523809523809524
Binary,cefovecin,clsi,npv,0.8333333333333331
Binary,cefovecin,clsi,accuracy,0.9259259259259259
Binary,cefovecin,clsi,f_meas,0.9523809523809523
Binary,cefpodoxime,clsi,spec,0.6666666666666666
Binary,cefpodoxime,clsi,sens,1
Binary,cefpodoxime,clsi,ppv,0.875
Binary,cefpodoxime,clsi,npv,1
Binary,cefpodoxime,clsi,accuracy,0.9
Binary,cefpodoxime,clsi,f_meas,0.9333333333333333
Binary,ceftazidime,clsi,spec,1
Binary,ceftazidime,clsi,sens,0.9473684210526315
Binary,ceftazidime,clsi,ppv,1
Binary,ceftazidime,clsi,npv,0.8749999999999999
Binary,ceftazidime,clsi,accuracy,0.9615384615384616
Binary,ceftazidime,clsi,f_meas,0.972972972972973
Binary,cephalexin,clsi,spec,0.7307692307692307
Binary,cephalexin,clsi,sens,0.8
Binary,cephalexin,clsi,ppv,0.5333333333333333
Binary,cephalexin,clsi,npv,0.9047619047619048
Binary,cephalexin,clsi,accuracy,0.75
Binary,cephalexin,clsi,f_meas,0.64
Binary,enrofloxacin,clsi,spec,0.875
Binary,enrofloxacin,clsi,sens,0.5853658536585366
Binary,enrofloxacin,clsi,ppv,0.96
Binary,enrofloxacin,clsi,npv,0.2916666666666666
Binary,enrofloxacin,clsi,accuracy,0.6326530612244898
Binary,enrofloxacin,clsi,f_meas,0.7272727272727272
Binary,gentamicin,clsi,spec,0.8181818181818182
Binary,gentamicin,clsi,sens,1
Binary,gentamicin,clsi,ppv,0.9666666666666667
Binary,gentamicin,clsi,npv,1
Binary,gentamicin,clsi,accuracy,0.9710144927536232
Binary,gentamicin,clsi,f_meas,0.983050847457627
Binary,marbofloxacin,clsi,spec,1
Binary,marbofloxacin,clsi,sens,0.3076923076923077
Binary,marbofloxacin,clsi,ppv,1
Binary,marbofloxacin,clsi,npv,0.20000000000000007
Binary,marbofloxacin,clsi,accuracy,0.4098360655737705
Binary,marbofloxacin,clsi,f_meas,0.47058823529411764
Binary,orbifloxacin,clsi,spec,1
Binary,orbifloxacin,clsi,sens,0.46
Binary,orbifloxacin,clsi,ppv,1
Binary,orbifloxacin,clsi,npv,0.2702702702702702
Binary,orbifloxacin,clsi,accuracy,0.55
Binary,orbifloxacin,clsi,f_meas,0.6301369863013699
Binary,piperacillin_tazobactam,clsi,spec,1
Binary,piperacillin_tazobactam,clsi,sens,0.8157894736842105
Binary,piperacillin_tazobactam,clsi,ppv,1
Binary,piperacillin_tazobactam,clsi,npv,0.12500000000000008
Binary,piperacillin_tazobactam,clsi,accuracy,0.8205128205128205
Binary,piperacillin_tazobactam,clsi,f_meas,0.898550724637681
Binary,pradofloxacin,clsi,spec,0.8888888888888888
Binary,pradofloxacin,clsi,sens,0.3269230769230769
Binary,pradofloxacin,clsi,ppv,0.9444444444444444
Binary,pradofloxacin,clsi,npv,0.18604651162790703
Binary,pradofloxacin,clsi,accuracy,0.4098360655737705
Binary,pradofloxacin,clsi,f_meas,0.48571428571428577
Binary,ceftiofur,clsi,spec,0.8181818181818182
Binary,ceftiofur,clsi,sens,0.9666666666666667
Binary,ceftiofur,clsi,ppv,0.9354838709677419
Binary,ceftiofur,clsi,npv,0.9
Binary,ceftiofur,clsi,accuracy,0.926829268292683
Binary,ceftiofur,clsi,f_meas,0.9508196721311476
Binary,ampicillin,ecoff,spec,0.7894736842105263
Binary,ampicillin,ecoff,sens,1
Binary,ampicillin,ecoff,ppv,0.8095238095238096
Binary,ampicillin,ecoff,npv,1
Binary,ampicillin,ecoff,accuracy,0.8888888888888888
Binary,ampicillin,ecoff,f_meas,0.8947368421052632
Binary,cefazolin,ecoff,spec,0.8333333333333334
Binary,cefazolin,ecoff,sens,0.6
Binary,cefazolin,ecoff,ppv,0.9473684210526315
Binary,cefazolin,ecoff,npv,0.2941176470588235
Binary,cefazolin,ecoff,accuracy,0.6388888888888888
Binary,cefazolin,ecoff,f_meas,0.7346938775510204
Binary,cefpodoxime,ecoff,spec,0.5
Binary,cefpodoxime,ecoff,sens,1
Binary,cefpodoxime,ecoff,ppv,0.9393939393939393
Binary,cefpodoxime,ecoff,npv,1
Binary,cefpodoxime,ecoff,accuracy,0.9428571428571428
Binary,cefpodoxime,ecoff,f_meas,0.96875
Binary,ceftazidime,ecoff,spec,0.8
Binary,ceftazidime,ecoff,sens,1
Binary,ceftazidime,ecoff,ppv,0.9285714285714285
Binary,ceftazidime,ecoff,npv,1
Binary,ceftazidime,ecoff,accuracy,0.9444444444444444
Binary,ceftazidime,ecoff,f_meas,0.962962962962963
Binary,chloramphenicol,ecoff,spec,0.9090909090909091
Binary,chloramphenicol,ecoff,sens,1
Binary,chloramphenicol,ecoff,ppv,0.9893617021276596
Binary,chloramphenicol,ecoff,npv,1
Binary,chloramphenicol,ecoff,accuracy,0.9903846153846154
Binary,chloramphenicol,ecoff,f_meas,0.9946524064171123
Binary,doxycycline,ecoff,spec,0.8571428571428571
Binary,doxycycline,ecoff,sens,0.9833333333333333
Binary,doxycycline,ecoff,ppv,0.9672131147540983
Binary,doxycycline,ecoff,npv,0.9230769230769229
Binary,doxycycline,ecoff,accuracy,0.9594594594594594
Binary,doxycycline,ecoff,f_meas,0.9752066115702478
Binary,enrofloxacin,ecoff,spec,0.15789473684210525
Binary,enrofloxacin,ecoff,sens,1
Binary,enrofloxacin,ecoff,ppv,0.7575757575757576
Binary,enrofloxacin,ecoff,npv,1
Binary,enrofloxacin,ecoff,accuracy,0.7681159420289855
Binary,enrofloxacin,ecoff,f_meas,0.8620689655172413
Binary,gentamicin,ecoff,spec,0.9565217391304348
Binary,gentamicin,ecoff,sens,0.9901960784313726
Binary,gentamicin,ecoff,ppv,0.9901960784313726
Binary,gentamicin,ecoff,npv,0.9565217391304349
Binary,gentamicin,ecoff,accuracy,0.984
Binary,gentamicin,ecoff,f_meas,0.9901960784313726
Binary,tetracycline,ecoff,spec,0.9814814814814815
Binary,tetracycline,ecoff,sens,0.9819819819819819
Binary,tetracycline,ecoff,ppv,0.9909090909090909
Binary,tetracycline,ecoff,npv,0.9636363636363636
Binary,tetracycline,ecoff,accuracy,0.9818181818181818
Binary,tetracycline,ecoff,f_meas,0.9864253393665158
Binary,trimethoprim_sulfamethoxazole,ecoff,spec,0.9512195121951219
Binary,trimethoprim_sulfamethoxazole,ecoff,sens,1
Binary,trimethoprim_sulfamethoxazole,ecoff,ppv,0.9823008849557522
Binary,trimethoprim_sulfamethoxazole,ecoff,npv,1
Binary,trimethoprim_sulfamethoxazole,ecoff,accuracy,0.9868421052631579
Binary,trimethoprim_sulfamethoxazole,ecoff,f_meas,0.9910714285714286
Binary,amoxicillin,ecoff,spec,0.9166666666666666
Binary,amoxicillin,ecoff,sens,0.9545454545454546
Binary,amoxicillin,ecoff,ppv,0.9545454545454546
Binary,amoxicillin,ecoff,npv,0.9166666666666667
Binary,amoxicillin,ecoff,accuracy,0.9411764705882353
Binary,amoxicillin,ecoff,f_meas,0.9545454545454546
Binary,ceftiofur,ecoff,spec,0.8666666666666667
Binary,ceftiofur,ecoff,sens,0.9705882352941176
Binary,ceftiofur,ecoff,ppv,0.9705882352941176
Binary,ceftiofur,ecoff,npv,0.8666666666666667
Binary,ceftiofur,ecoff,accuracy,0.9518072289156626
Binary,ceftiofur,ecoff,f_meas,0.9705882352941176
Binary,neomycin,ecoff,spec,0.8076923076923077
Binary,neomycin,ecoff,sens,1
Binary,neomycin,ecoff,ppv,0.9315068493150684
Binary,neomycin,ecoff,npv,1
Binary,neomycin,ecoff,accuracy,0.9468085106382979
Binary,neomycin,ecoff,f_meas,0.9645390070921985
Binary,spectinomycin,ecoff,spec,1
Binary,spectinomycin,ecoff,sens,0.8656716417910447
Binary,spectinomycin,ecoff,ppv,1
Binary,spectinomycin,ecoff,npv,0.689655172413793
Binary,spectinomycin,ecoff,accuracy,0.896551724137931
Binary,spectinomycin,ecoff,f_meas,0.928
Binary,streptomycin,ecoff,spec,0.8888888888888888
Binary,streptomycin,ecoff,sens,0.9583333333333334
Binary,streptomycin,ecoff,ppv,0.9583333333333334
Binary,streptomycin,ecoff,npv,0.8888888888888888
Binary,streptomycin,ecoff,accuracy,0.9393939393939394
Binary,streptomycin,ecoff,f_meas,0.9583333333333334
Binary,ticarcillin_clavulanic_acid,ecoff,spec,0.4
Binary,ticarcillin_clavulanic_acid,ecoff,sens,0.88
Binary,ticarcillin_clavulanic_acid,ecoff,ppv,0.88
Binary,ticarcillin_clavulanic_acid,ecoff,npv,0.3999999999999999
Binary,ticarcillin_clavulanic_acid,ecoff,accuracy,0.8
Binary,ticarcillin_clavulanic_acid,ecoff,f_meas,0.88
Count,amikacin,clsi,spec,1
Count,amikacin,clsi,sens,0.9701492537313433
Count,amikacin,clsi,ppv,1
Count,amikacin,clsi,npv,0.5000000000000003
Count,amikacin,clsi,accuracy,0.9710144927536232
Count,amikacin,clsi,f_meas,0.9848484848484849
Count,amoxicillin_clavulanic_acid,clsi,spec,1
Count,amoxicillin_clavulanic_acid,clsi,sens,1
Count,amoxicillin_clavulanic_acid,clsi,ppv,1
Count,amoxicillin_clavulanic_acid,clsi,npv,1
Count,amoxicillin_clavulanic_acid,clsi,accuracy,1
Count,amoxicillin_clavulanic_acid,clsi,f_meas,1
Count,ampicillin,clsi,spec,1
Count,ampicillin,clsi,sens,0.9166666666666666
Count,ampicillin,clsi,ppv,1
Count,ampicillin,clsi,npv,0.9911504424778761
Count,ampicillin,clsi,accuracy,0.9919354838709677
Count,ampicillin,clsi,f_meas,0.9565217391304348
Count,cefazolin,clsi,spec,0.9545454545454546
Count,cefazolin,clsi,sens,1
Count,cefazolin,clsi,ppv,0.9615384615384615
Count,cefazolin,clsi,npv,1
Count,cefazolin,clsi,accuracy,0.9787234042553191
Count,cefazolin,clsi,f_meas,0.9803921568627451
Count,cefovecin,clsi,spec,1
Count,cefovecin,clsi,sens,0.9523809523809523
Count,cefovecin,clsi,ppv,1
Count,cefovecin,clsi,npv,0.857142857142857
Count,cefovecin,clsi,accuracy,0.9629629629629629
Count,cefovecin,clsi,f_meas,0.975609756097561
Count,cefpodoxime,clsi,spec,1
Count,cefpodoxime,clsi,sens,0.9285714285714286
Count,cefpodoxime,clsi,ppv,1
Count,cefpodoxime,clsi,npv,0.8571428571428572
Count,cefpodoxime,clsi,accuracy,0.95
Count,cefpodoxime,clsi,f_meas,0.962962962962963
Count,ceftazidime,clsi,spec,1
Count,ceftazidime,clsi,sens,0.9473684210526315
Count,ceftazidime,clsi,ppv,1
Count,ceftazidime,clsi,npv,0.8749999999999999
Count,ceftazidime,clsi,accuracy,0.9615384615384616
Count,ceftazidime,clsi,f_meas,0.972972972972973
Count,cephalexin,clsi,spec,1
Count,cephalexin,clsi,sens,1
Count,cephalexin,clsi,ppv,1
Count,cephalexin,clsi,npv,1
Count,cephalexin,clsi,accuracy,1
Count,cephalexin,clsi,f_meas,1
Count,enrofloxacin,clsi,spec,1
Count,enrofloxacin,clsi,sens,1
Count,enrofloxacin,clsi,ppv,1
Count,enrofloxacin,clsi,npv,1
Count,enrofloxacin,clsi,accuracy,1
Count,enrofloxacin,clsi,f_meas,1
Count,gentamicin,clsi,spec,0.9090909090909091
Count,gentamicin,clsi,sens,1
Count,gentamicin,clsi,ppv,0.983050847457627
Count,gentamicin,clsi,npv,1
Count,gentamicin,clsi,accuracy,0.9855072463768116
Count,gentamicin,clsi,f_meas,0.9914529914529915
Count,marbofloxacin,clsi,spec,1
Count,marbofloxacin,clsi,sens,1
Count,marbofloxacin,clsi,ppv,1
Count,marbofloxacin,clsi,npv,1
Count,marbofloxacin,clsi,accuracy,1
Count,marbofloxacin,clsi,f_meas,1
Count,orbifloxacin,clsi,spec,1
Count,orbifloxacin,clsi,sens,1
Count,orbifloxacin,clsi,ppv,1
Count,orbifloxacin,clsi,npv,1
Count,orbifloxacin,clsi,accuracy,1
Count,orbifloxacin,clsi,f_meas,1
Count,piperacillin_tazobactam,clsi,spec,1
Count,piperacillin_tazobactam,clsi,sens,0.9736842105263158
Count,piperacillin_tazobactam,clsi,ppv,1
Count,piperacillin_tazobactam,clsi,npv,0.5000000000000004
Count,piperacillin_tazobactam,clsi,accuracy,0.9743589743589743
Count,piperacillin_tazobactam,clsi,f_meas,0.9866666666666666
Count,pradofloxacin,clsi,spec,1
Count,pradofloxacin,clsi,sens,0.9807692307692307
Count,pradofloxacin,clsi,ppv,1
Count,pradofloxacin,clsi,npv,0.8999999999999998
Count,pradofloxacin,clsi,accuracy,0.9836065573770492
Count,pradofloxacin,clsi,f_meas,0.9902912621359222
Count,ceftiofur,clsi,spec,1
Count,ceftiofur,clsi,sens,0.9666666666666667
Count,ceftiofur,clsi,ppv,1
Count,ceftiofur,clsi,npv,0.9166666666666666
Count,ceftiofur,clsi,accuracy,0.975609756097561
Count,ceftiofur,clsi,f_meas,0.983050847457627
Count,ampicillin,ecoff,spec,0.7894736842105263
Count,ampicillin,ecoff,sens,1
Count,ampicillin,ecoff,ppv,0.8095238095238096
Count,ampicillin,ecoff,npv,1
Count,ampicillin,ecoff,accuracy,0.8888888888888888
Count,ampicillin,ecoff,f_meas,0.8947368421052632
Count,cefazolin,ecoff,spec,1
Count,cefazolin,ecoff,sens,0.9
Count,cefazolin,ecoff,ppv,1
Count,cefazolin,ecoff,npv,0.6666666666666666
Count,cefazolin,ecoff,accuracy,0.9166666666666666
Count,cefazolin,ecoff,f_meas,0.9473684210526316
Count,cefpodoxime,ecoff,spec,1
Count,cefpodoxime,ecoff,sens,0.967741935483871
Count,cefpodoxime,ecoff,ppv,1
Count,cefpodoxime,ecoff,npv,0.8000000000000002
Count,cefpodoxime,ecoff,accuracy,0.9714285714285714
Count,cefpodoxime,ecoff,f_meas,0.9836065573770492
Count,ceftazidime,ecoff,spec,0.9
Count,ceftazidime,ecoff,sens,1
Count,ceftazidime,ecoff,ppv,0.9629629629629629
Count,ceftazidime,ecoff,npv,1
Count,ceftazidime,ecoff,accuracy,0.9722222222222222
Count,ceftazidime,ecoff,f_meas,0.9811320754716981
Count,chloramphenicol,ecoff,spec,1
Count,chloramphenicol,ecoff,sens,0.956989247311828
Count,chloramphenicol,ecoff,ppv,1
Count,chloramphenicol,ecoff,npv,0.7333333333333334
Count,chloramphenicol,ecoff,accuracy,0.9615384615384616
Count,chloramphenicol,ecoff,f_meas,0.978021978021978
Count,doxycycline,ecoff,spec,1
Count,doxycycline,ecoff,sens,0.9833333333333333
Count,doxycycline,ecoff,ppv,1
Count,doxycycline,ecoff,npv,0.9333333333333332
Count,doxycycline,ecoff,accuracy,0.9864864864864865
Count,doxycycline,ecoff,f_meas,0.9915966386554621
Count,enrofloxacin,ecoff,spec,1
Count,enrofloxacin,ecoff,sens,0.98
Count,enrofloxacin,ecoff,ppv,1
Count,enrofloxacin,ecoff,npv,0.95
Count,enrofloxacin,ecoff,accuracy,0.9855072463768116
Count,enrofloxacin,ecoff,f_meas,0.98989898989899
Count,gentamicin,ecoff,spec,1
Count,gentamicin,ecoff,sens,1
Count,gentamicin,ecoff,ppv,1
Count,gentamicin,ecoff,npv,1
Count,gentamicin,ecoff,accuracy,1
Count,gentamicin,ecoff,f_meas,1
Count,tetracycline,ecoff,spec,1
Count,tetracycline,ecoff,sens,1
Count,tetracycline,ecoff,ppv,1
Count,tetracycline,ecoff,npv,1
Count,tetracycline,ecoff,accuracy,1
Count,tetracycline,ecoff,f_meas,1
Count,trimethoprim_sulfamethoxazole,ecoff,spec,1
Count,trimethoprim_sulfamethoxazole,ecoff,sens,1
Count,trimethoprim_sulfamethoxazole,ecoff,ppv,1
Count,trimethoprim_sulfamethoxazole,ecoff,npv,1
Count,trimethoprim_sulfamethoxazole,ecoff,accuracy,1
Count,trimethoprim_sulfamethoxazole,ecoff,f_meas,1
Count,amoxicillin,ecoff,spec,1
Count,amoxicillin,ecoff,sens,0.9545454545454546
Count,amoxicillin,ecoff,ppv,1
Count,amoxicillin,ecoff,npv,0.9230769230769232
Count,amoxicillin,ecoff,accuracy,0.9705882352941176
Count,amoxicillin,ecoff,f_meas,0.9767441860465117
Count,ceftiofur,ecoff,spec,1
Count,ceftiofur,ecoff,sens,0.9852941176470589
Count,ceftiofur,ecoff,ppv,1
Count,ceftiofur,ecoff,npv,0.9375000000000002
Count,ceftiofur,ecoff,accuracy,0.9879518072289156
Count,ceftiofur,ecoff,f_meas,0.9925925925925926
Count,neomycin,ecoff,spec,1
Count,neomycin,ecoff,sens,1
Count,neomycin,ecoff,ppv,1
Count,neomycin,ecoff,npv,1
Count,neomycin,ecoff,accuracy,1
Count,neomycin,ecoff,f_meas,1
Count,spectinomycin,ecoff,spec,1
Count,spectinomycin,ecoff,sens,0.9850746268656716
Count,spectinomycin,ecoff,ppv,1
Count,spectinomycin,ecoff,npv,0.9523809523809522
Count,spectinomycin,ecoff,accuracy,0.9885057471264368
Count,spectinomycin,ecoff,f_meas,0.9924812030075187
Count,streptomycin,ecoff,spec,1
Count,streptomycin,ecoff,sens,1
Count,streptomycin,ecoff,ppv,1
Count,streptomycin,ecoff,npv,1
Count,streptomycin,ecoff,accuracy,1
Count,streptomycin,ecoff,f_meas,1
Count,ticarcillin_clavulanic_acid,ecoff,spec,0.6
Count,ticarcillin_clavulanic_acid,ecoff,sens,0.96
Count,ticarcillin_clavulanic_acid,ecoff,ppv,0.9230769230769231
Count,ticarcillin_clavulanic_acid,ecoff,npv,0.7499999999999997
Count,ticarcillin_clavulanic_acid,ecoff,accuracy,0.9
Count,ticarcillin_clavulanic_acid,ecoff,f_meas,0.9411764705882353
Binary-Count,amikacin,clsi,spec,1
Binary-Count,amikacin,clsi,sens,0.9701492537313433
Binary-Count,amikacin,clsi,ppv,1
Binary-Count,amikacin,clsi,npv,0.5000000000000003
Binary-Count,amikacin,clsi,accuracy,0.9710144927536232
Binary-Count,amikacin,clsi,f_meas,0.9848484848484849
Binary-Count,amoxicillin_clavulanic_acid,clsi,spec,1
Binary-Count,amoxicillin_clavulanic_acid,clsi,sens,1
Binary-Count,amoxicillin_clavulanic_acid,clsi,ppv,1
Binary-Count,amoxicillin_clavulanic_acid,clsi,npv,1
Binary-Count,amoxicillin_clavulanic_acid,clsi,accuracy,1
Binary-Count,amoxicillin_clavulanic_acid,clsi,f_meas,1
Binary-Count,ampicillin,clsi,spec,1
Binary-Count,ampicillin,clsi,sens,0.9166666666666666
Binary-Count,ampicillin,clsi,ppv,1
Binary-Count,ampicillin,clsi,npv,0.9911504424778761
Binary-Count,ampicillin,clsi,accuracy,0.9919354838709677
Binary-Count,ampicillin,clsi,f_meas,0.9565217391304348
Binary-Count,cefazolin,clsi,spec,0.9545454545454546
Binary-Count,cefazolin,clsi,sens,1
Binary-Count,cefazolin,clsi,ppv,0.9615384615384615
Binary-Count,cefazolin,clsi,npv,1
Binary-Count,cefazolin,clsi,accuracy,0.9787234042553191
Binary-Count,cefazolin,clsi,f_meas,0.9803921568627451
Binary-Count,cefovecin,clsi,spec,1
Binary-Count,cefovecin,clsi,sens,1
Binary-Count,cefovecin,clsi,ppv,1
Binary-Count,cefovecin,clsi,npv,1
Binary-Count,cefovecin,clsi,accuracy,1
Binary-Count,cefovecin,clsi,f_meas,1
Binary-Count,cefpodoxime,clsi,spec,1
Binary-Count,cefpodoxime,clsi,sens,0.9285714285714286
Binary-Count,cefpodoxime,clsi,ppv,1
Binary-Count,cefpodoxime,clsi,npv,0.8571428571428572
Binary-Count,cefpodoxime,clsi,accuracy,0.95
Binary-Count,cefpodoxime,clsi,f_meas,0.962962962962963
Binary-Count,ceftazidime,clsi,spec,1
Binary-Count,ceftazidime,clsi,sens,0.9473684210526315
Binary-Count,ceftazidime,clsi,ppv,1
Binary-Count,ceftazidime,clsi,npv,0.8749999999999999
Binary-Count,ceftazidime,clsi,accuracy,0.9615384615384616
Binary-Count,ceftazidime,clsi,f_meas,0.972972972972973
Binary-Count,cephalexin,clsi,spec,1
Binary-Count,cephalexin,clsi,sens,1
Binary-Count,cephalexin,clsi,ppv,1
Binary-Count,cephalexin,clsi,npv,1
Binary-Count,cephalexin,clsi,accuracy,1
Binary-Count,cephalexin,clsi,f_meas,1
Binary-Count,enrofloxacin,clsi,spec,1
Binary-Count,enrofloxacin,clsi,sens,1
Binary-Count,enrofloxacin,clsi,ppv,1
Binary-Count,enrofloxacin,clsi,npv,1
Binary-Count,enrofloxacin,clsi,accuracy,1
Binary-Count,enrofloxacin,clsi,f_meas,1
Binary-Count,gentamicin,clsi,spec,0.9090909090909091
Binary-Count,gentamicin,clsi,sens,1
Binary-Count,gentamicin,clsi,ppv,0.983050847457627
Binary-Count,gentamicin,clsi,npv,1
Binary-Count,gentamicin,clsi,accuracy,0.9855072463768116
Binary-Count,gentamicin,clsi,f_meas,0.9914529914529915
Binary-Count,marbofloxacin,clsi,spec,1
Binary-Count,marbofloxacin,clsi,sens,1
Binary-Count,marbofloxacin,clsi,ppv,1
Binary-Count,marbofloxacin,clsi,npv,1
Binary-Count,marbofloxacin,clsi,accuracy,1
Binary-Count,marbofloxacin,clsi,f_meas,1
Binary-Count,orbifloxacin,clsi,spec,1
Binary-Count,orbifloxacin,clsi,sens,1
Binary-Count,orbifloxacin,clsi,ppv,1
Binary-Count,orbifloxacin,clsi,npv,1
Binary-Count,orbifloxacin,clsi,accuracy,1
Binary-Count,orbifloxacin,clsi,f_meas,1
Binary-Count,piperacillin_tazobactam,clsi,spec,1
Binary-Count,piperacillin_tazobactam,clsi,sens,0.9473684210526315
Binary-Count,piperacillin_tazobactam,clsi,ppv,1
Binary-Count,piperacillin_tazobactam,clsi,npv,0.3333333333333333
Binary-Count,piperacillin_tazobactam,clsi,accuracy,0.9487179487179487
Binary-Count,piperacillin_tazobactam,clsi,f_meas,0.972972972972973
Binary-Count,pradofloxacin,clsi,spec,1
Binary-Count,pradofloxacin,clsi,sens,0.9807692307692307
Binary-Count,pradofloxacin,clsi,ppv,1
Binary-Count,pradofloxacin,clsi,npv,0.8999999999999998
Binary-Count,pradofloxacin,clsi,accuracy,0.9836065573770492
Binary-Count,pradofloxacin,clsi,f_meas,0.9902912621359222
Binary-Count,ceftiofur,clsi,spec,1
Binary-Count,ceftiofur,clsi,sens,0.9666666666666667
Binary-Count,ceftiofur,clsi,ppv,1
Binary-Count,ceftiofur,clsi,npv,0.9166666666666666
Binary-Count,ceftiofur,clsi,accuracy,0.975609756097561
Binary-Count,ceftiofur,clsi,f_meas,0.983050847457627
Binary-Count,ampicillin,ecoff,spec,0.7894736842105263
Binary-Count,ampicillin,ecoff,sens,1
Binary-Count,ampicillin,ecoff,ppv,0.8095238095238096
Binary-Count,ampicillin,ecoff,npv,1
Binary-Count,ampicillin,ecoff,accuracy,0.8888888888888888
Binary-Count,ampicillin,ecoff,f_meas,0.8947368421052632
Binary-Count,cefazolin,ecoff,spec,1
Binary-Count,cefazolin,ecoff,sens,0.9
Binary-Count,cefazolin,ecoff,ppv,1
Binary-Count,cefazolin,ecoff,npv,0.6666666666666666
Binary-Count,cefazolin,ecoff,accuracy,0.9166666666666666
Binary-Count,cefazolin,ecoff,f_meas,0.9473684210526316
Binary-Count,cefpodoxime,ecoff,spec,1
Binary-Count,cefpodoxime,ecoff,sens,0.967741935483871
Binary-Count,cefpodoxime,ecoff,ppv,1
Binary-Count,cefpodoxime,ecoff,npv,0.8000000000000002
Binary-Count,cefpodoxime,ecoff,accuracy,0.9714285714285714
Binary-Count,cefpodoxime,ecoff,f_meas,0.9836065573770492
Binary-Count,ceftazidime,ecoff,spec,0.9
Binary-Count,ceftazidime,ecoff,sens,1
Binary-Count,ceftazidime,ecoff,ppv,0.9629629629629629
Binary-Count,ceftazidime,ecoff,npv,1
Binary-Count,ceftazidime,ecoff,accuracy,0.9722222222222222
Binary-Count,ceftazidime,ecoff,f_meas,0.9811320754716981
Binary-Count,chloramphenicol,ecoff,spec,1
Binary-Count,chloramphenicol,ecoff,sens,0.956989247311828
Binary-Count,chloramphenicol,ecoff,ppv,1
Binary-Count,chloramphenicol,ecoff,npv,0.7333333333333334
Binary-Count,chloramphenicol,ecoff,accuracy,0.9615384615384616
Binary-Count,chloramphenicol,ecoff,f_meas,0.978021978021978
Binary-Count,doxycycline,ecoff,spec,1
Binary-Count,doxycycline,ecoff,sens,0.9833333333333333
Binary-Count,doxycycline,ecoff,ppv,1
Binary-Count,doxycycline,ecoff,npv,0.9333333333333332
Binary-Count,doxycycline,ecoff,accuracy,0.9864864864864865
Binary-Count,doxycycline,ecoff,f_meas,0.9915966386554621
Binary-Count,enrofloxacin,ecoff,spec,1
Binary-Count,enrofloxacin,ecoff,sens,0.98
Binary-Count,enrofloxacin,ecoff,ppv,1
Binary-Count,enrofloxacin,ecoff,npv,0.95
Binary-Count,enrofloxacin,ecoff,accuracy,0.9855072463768116
Binary-Count,enrofloxacin,ecoff,f_meas,0.98989898989899
Binary-Count,gentamicin,ecoff,spec,1
Binary-Count,gentamicin,ecoff,sens,1
Binary-Count,gentamicin,ecoff,ppv,1
Binary-Count,gentamicin,ecoff,npv,1
Binary-Count,gentamicin,ecoff,accuracy,1
Binary-Count,gentamicin,ecoff,f_meas,1
Binary-Count,tetracycline,ecoff,spec,1
Binary-Count,tetracycline,ecoff,sens,1
Binary-Count,tetracycline,ecoff,ppv,1
Binary-Count,tetracycline,ecoff,npv,1
Binary-Count,tetracycline,ecoff,accuracy,1
Binary-Count,tetracycline,ecoff,f_meas,1
Binary-Count,trimethoprim_sulfamethoxazole,ecoff,spec,1
Binary-Count,trimethoprim_sulfamethoxazole,ecoff,sens,1
Binary-Count,trimethoprim_sulfamethoxazole,ecoff,ppv,1
Binary-Count,trimethoprim_sulfamethoxazole,ecoff,npv,1
Binary-Count,trimethoprim_sulfamethoxazole,ecoff,accuracy,1
Binary-Count,trimethoprim_sulfamethoxazole,ecoff,f_meas,1
Binary-Count,amoxicillin,ecoff,spec,1
Binary-Count,amoxicillin,ecoff,sens,0.9545454545454546
Binary-Count,amoxicillin,ecoff,ppv,1
Binary-Count,amoxicillin,ecoff,npv,0.9230769230769232
Binary-Count,amoxicillin,ecoff,accuracy,0.9705882352941176
Binary-Count,amoxicillin,ecoff,f_meas,0.9767441860465117
Binary-Count,ceftiofur,ecoff,spec,1
Binary-Count,ceftiofur,ecoff,sens,0.9852941176470589
Binary-Count,ceftiofur,ecoff,ppv,1
Binary-Count,ceftiofur,ecoff,npv,0.9375000000000002
Binary-Count,ceftiofur,ecoff,accuracy,0.9879518072289156
Binary-Count,ceftiofur,ecoff,f_meas,0.9925925925925926
Binary-Count,neomycin,ecoff,spec,1
Binary-Count,neomycin,ecoff,sens,1
Binary-Count,neomycin,ecoff,ppv,1
Binary-Count,neomycin,ecoff,npv,1
Binary-Count,neomycin,ecoff,accuracy,1
Binary-Count,neomycin,ecoff,f_meas,1
Binary-Count,spectinomycin,ecoff,spec,1
Binary-Count,spectinomycin,ecoff,sens,0.9701492537313433
Binary-Count,spectinomycin,ecoff,ppv,1
Binary-Count,spectinomycin,ecoff,npv,0.9090909090909092
Binary-Count,spectinomycin,ecoff,accuracy,0.9770114942528736
Binary-Count,spectinomycin,ecoff,f_meas,0.9848484848484849
Binary-Count,streptomycin,ecoff,spec,1
Binary-Count,streptomycin,ecoff,sens,1
Binary-Count,streptomycin,ecoff,ppv,1
Binary-Count,streptomycin,ecoff,npv,1
Binary-Count,streptomycin,ecoff,accuracy,1
Binary-Count,streptomycin,ecoff,f_meas,1
Binary-Count,ticarcillin_clavulanic_acid,ecoff,spec,0.8
Binary-Count,ticarcillin_clavulanic_acid,ecoff,sens,0.96
Binary-Count,ticarcillin_clavulanic_acid,ecoff,ppv,0.96
Binary-Count,ticarcillin_clavulanic_acid,ecoff,npv,0.7999999999999997
Binary-Count,ticarcillin_clavulanic_acid,ecoff,accuracy,0.9333333333333333
Binary-Count,ticarcillin_clavulanic_acid,ecoff,f_meas,0.96
BC-noanimal,amikacin,clsi,spec,1
BC-noanimal,amikacin,clsi,sens,0.9701492537313433
BC-noanimal,amikacin,clsi,ppv,1
BC-noanimal,amikacin,clsi,npv,0.5000000000000003
BC-noanimal,amikacin,clsi,accuracy,0.9710144927536232
BC-noanimal,amikacin,clsi,f_meas,0.9848484848484849
BC-noanimal,amoxicillin_clavulanic_acid,clsi,spec,1
BC-noanimal,amoxicillin_clavulanic_acid,clsi,sens,1
BC-noanimal,amoxicillin_clavulanic_acid,clsi,ppv,1
BC-noanimal,amoxicillin_clavulanic_acid,clsi,npv,1
BC-noanimal,amoxicillin_clavulanic_acid,clsi,accuracy,1
BC-noanimal,amoxicillin_clavulanic_acid,clsi,f_meas,1
BC-noanimal,ampicillin,clsi,spec,1
BC-noanimal,ampicillin,clsi,sens,0.8333333333333334
BC-noanimal,ampicillin,clsi,ppv,1
BC-noanimal,ampicillin,clsi,npv,0.9824561403508772
BC-noanimal,ampicillin,clsi,accuracy,0.9838709677419355
BC-noanimal,ampicillin,clsi,f_meas,0.9090909090909091
BC-noanimal,cefazolin,clsi,spec,0.9545454545454546
BC-noanimal,cefazolin,clsi,sens,1
BC-noanimal,cefazolin,clsi,ppv,0.9615384615384615
BC-noanimal,cefazolin,clsi,npv,1
BC-noanimal,cefazolin,clsi,accuracy,0.9787234042553191
BC-noanimal,cefazolin,clsi,f_meas,0.9803921568627451
BC-noanimal,cefovecin,clsi,spec,1
BC-noanimal,cefovecin,clsi,sens,1
BC-noanimal,cefovecin,clsi,ppv,1
BC-noanimal,cefovecin,clsi,npv,1
BC-noanimal,cefovecin,clsi,accuracy,1
BC-noanimal,cefovecin,clsi,f_meas,1
BC-noanimal,cefpodoxime,clsi,spec,1
BC-noanimal,cefpodoxime,clsi,sens,0.9285714285714286
BC-noanimal,cefpodoxime,clsi,ppv,1
BC-noanimal,cefpodoxime,clsi,npv,0.8571428571428572
BC-noanimal,cefpodoxime,clsi,accuracy,0.95
BC-noanimal,cefpodoxime,clsi,f_meas,0.962962962962963
BC-noanimal,ceftazidime,clsi,spec,1
BC-noanimal,ceftazidime,clsi,sens,0.9473684210526315
BC-noanimal,ceftazidime,clsi,ppv,1
BC-noanimal,ceftazidime,clsi,npv,0.8749999999999999
BC-noanimal,ceftazidime,clsi,accuracy,0.9615384615384616
BC-noanimal,ceftazidime,clsi,f_meas,0.972972972972973
BC-noanimal,cephalexin,clsi,spec,1
BC-noanimal,cephalexin,clsi,sens,1
BC-noanimal,cephalexin,clsi,ppv,1
BC-noanimal,cephalexin,clsi,npv,1
BC-noanimal,cephalexin,clsi,accuracy,1
BC-noanimal,cephalexin,clsi,f_meas,1
BC-noanimal,enrofloxacin,clsi,spec,1
BC-noanimal,enrofloxacin,clsi,sens,1
BC-noanimal,enrofloxacin,clsi,ppv,1
BC-noanimal,enrofloxacin,clsi,npv,1
BC-noanimal,enrofloxacin,clsi,accuracy,1
BC-noanimal,enrofloxacin,clsi,f_meas,1
BC-noanimal,gentamicin,clsi,spec,1
BC-noanimal,gentamicin,clsi,sens,1
BC-noanimal,gentamicin,clsi,ppv,1
BC-noanimal,gentamicin,clsi,npv,1
BC-noanimal,gentamicin,clsi,accuracy,1
BC-noanimal,gentamicin,clsi,f_meas,1
BC-noanimal,marbofloxacin,clsi,spec,1
BC-noanimal,marbofloxacin,clsi,sens,1
BC-noanimal,marbofloxacin,clsi,ppv,1
BC-noanimal,marbofloxacin,clsi,npv,1
BC-noanimal,marbofloxacin,clsi,accuracy,1
BC-noanimal,marbofloxacin,clsi,f_meas,1
BC-noanimal,orbifloxacin,clsi,spec,1
BC-noanimal,orbifloxacin,clsi,sens,1
BC-noanimal,orbifloxacin,clsi,ppv,1
BC-noanimal,orbifloxacin,clsi,npv,1
BC-noanimal,orbifloxacin,clsi,accuracy,1
BC-noanimal,orbifloxacin,clsi,f_meas,1
BC-noanimal,piperacillin_tazobactam,clsi,spec,1
BC-noanimal,piperacillin_tazobactam,clsi,sens,0.9473684210526315
BC-noanimal,piperacillin_tazobactam,clsi,ppv,1
BC-noanimal,piperacillin_tazobactam,clsi,npv,0.3333333333333333
BC-noanimal,piperacillin_tazobactam,clsi,accuracy,0.9487179487179487
BC-noanimal,piperacillin_tazobactam,clsi,f_meas,0.972972972972973
BC-noanimal,pradofloxacin,clsi,spec,1
BC-noanimal,pradofloxacin,clsi,sens,0.9807692307692307
BC-noanimal,pradofloxacin,clsi,ppv,1
BC-noanimal,pradofloxacin,clsi,npv,0.8999999999999998
BC-noanimal,pradofloxacin,clsi,accuracy,0.9836065573770492
BC-noanimal,pradofloxacin,clsi,f_meas,0.9902912621359222
BC-noanimal,ceftiofur,clsi,spec,1
BC-noanimal,ceftiofur,clsi,sens,0.9666666666666667
BC-noanimal,ceftiofur,clsi,ppv,1
BC-noanimal,ceftiofur,clsi,npv,0.9166666666666666
BC-noanimal,ceftiofur,clsi,accuracy,0.975609756097561
BC-noanimal,ceftiofur,clsi,f_meas,0.983050847457627
BC-noanimal,ampicillin,ecoff,spec,0.8947368421052632
BC-noanimal,ampicillin,ecoff,sens,1
BC-noanimal,ampicillin,ecoff,ppv,0.8947368421052632
BC-noanimal,ampicillin,ecoff,npv,1
BC-noanimal,ampicillin,ecoff,accuracy,0.9444444444444444
BC-noanimal,ampicillin,ecoff,f_meas,0.9444444444444444
BC-noanimal,cefazolin,ecoff,spec,1
BC-noanimal,cefazolin,ecoff,sens,0.9
BC-noanimal,cefazolin,ecoff,ppv,1
BC-noanimal,cefazolin,ecoff,npv,0.6666666666666666
BC-noanimal,cefazolin,ecoff,accuracy,0.9166666666666666
BC-noanimal,cefazolin,ecoff,f_meas,0.9473684210526316
BC-noanimal,cefpodoxime,ecoff,spec,1
BC-noanimal,cefpodoxime,ecoff,sens,0.967741935483871
BC-noanimal,cefpodoxime,ecoff,ppv,1
BC-noanimal,cefpodoxime,ecoff,npv,0.8000000000000002
BC-noanimal,cefpodoxime,ecoff,accuracy,0.9714285714285714
BC-noanimal,cefpodoxime,ecoff,f_meas,0.9836065573770492
BC-noanimal,ceftazidime,ecoff,spec,0.8
BC-noanimal,ceftazidime,ecoff,sens,0.9230769230769231
BC-noanimal,ceftazidime,ecoff,ppv,0.923076923076923
BC-noanimal,ceftazidime,ecoff,npv,0.8000000000000002
BC-noanimal,ceftazidime,ecoff,accuracy,0.8888888888888888
BC-noanimal,ceftazidime,ecoff,f_meas,0.9230769230769231
BC-noanimal,chloramphenicol,ecoff,spec,1
BC-noanimal,chloramphenicol,ecoff,sens,0.9354838709677419
BC-noanimal,chloramphenicol,ecoff,ppv,1
BC-noanimal,chloramphenicol,ecoff,npv,0.6470588235294115
BC-noanimal,chloramphenicol,ecoff,accuracy,0.9423076923076923
BC-noanimal,chloramphenicol,ecoff,f_meas,0.9666666666666666
BC-noanimal,doxycycline,ecoff,spec,1
BC-noanimal,doxycycline,ecoff,sens,0.9833333333333333
BC-noanimal,doxycycline,ecoff,ppv,1
BC-noanimal,doxycycline,ecoff,npv,0.9333333333333332
BC-noanimal,doxycycline,ecoff,accuracy,0.9864864864864865
BC-noanimal,doxycycline,ecoff,f_meas,0.9915966386554621
BC-noanimal,enrofloxacin,ecoff,spec,1
BC-noanimal,enrofloxacin,ecoff,sens,0.98
BC-noanimal,enrofloxacin,ecoff,ppv,1
BC-noanimal,enrofloxacin,ecoff,npv,0.95
BC-noanimal,enrofloxacin,ecoff,accuracy,0.9855072463768116
BC-noanimal,enrofloxacin,ecoff,f_meas,0.98989898989899
BC-noanimal,gentamicin,ecoff,spec,1
BC-noanimal,gentamicin,ecoff,sens,1
BC-noanimal,gentamicin,ecoff,ppv,1
BC-noanimal,gentamicin,ecoff,npv,1
BC-noanimal,gentamicin,ecoff,accuracy,1
BC-noanimal,gentamicin,ecoff,f_meas,1
BC-noanimal,tetracycline,ecoff,spec,1
BC-noanimal,tetracycline,ecoff,sens,1
BC-noanimal,tetracycline,ecoff,ppv,1
BC-noanimal,tetracycline,ecoff,npv,1
BC-noanimal,tetracycline,ecoff,accuracy,1
BC-noanimal,tetracycline,ecoff,f_meas,1
BC-noanimal,trimethoprim_sulfamethoxazole,ecoff,spec,1
BC-noanimal,trimethoprim_sulfamethoxazole,ecoff,sens,1
BC-noanimal,trimethoprim_sulfamethoxazole,ecoff,ppv,1
BC-noanimal,trimethoprim_sulfamethoxazole,ecoff,npv,1
BC-noanimal,trimethoprim_sulfamethoxazole,ecoff,accuracy,1
BC-noanimal,trimethoprim_sulfamethoxazole,ecoff,f_meas,1
BC-noanimal,amoxicillin,ecoff,spec,1
BC-noanimal,amoxicillin,ecoff,sens,0.9545454545454546
BC-noanimal,amoxicillin,ecoff,ppv,1
BC-noanimal,amoxicillin,ecoff,npv,0.9230769230769232
BC-noanimal,amoxicillin,ecoff,accuracy,0.9705882352941176
BC-noanimal,amoxicillin,ecoff,f_meas,0.9767441860465117
BC-noanimal,ceftiofur,ecoff,spec,0.9333333333333333
BC-noanimal,ceftiofur,ecoff,sens,0.9411764705882353
BC-noanimal,ceftiofur,ecoff,ppv,0.9846153846153846
BC-noanimal,ceftiofur,ecoff,npv,0.7777777777777778
BC-noanimal,ceftiofur,ecoff,accuracy,0.9397590361445783
BC-noanimal,ceftiofur,ecoff,f_meas,0.962406015037594
BC-noanimal,neomycin,ecoff,spec,1
BC-noanimal,neomycin,ecoff,sens,1
BC-noanimal,neomycin,ecoff,ppv,1
BC-noanimal,neomycin,ecoff,npv,1
BC-noanimal,neomycin,ecoff,accuracy,1
BC-noanimal,neomycin,ecoff,f_meas,1
BC-noanimal,spectinomycin,ecoff,spec,1
BC-noanimal,spectinomycin,ecoff,sens,0.9850746268656716
BC-noanimal,spectinomycin,ecoff,ppv,1
BC-noanimal,spectinomycin,ecoff,npv,0.9523809523809522
BC-noanimal,spectinomycin,ecoff,accuracy,0.9885057471264368
BC-noanimal,spectinomycin,ecoff,f_meas,0.9924812030075187
BC-noanimal,streptomycin,ecoff,spec,1
BC-noanimal,streptomycin,ecoff,sens,1
BC-noanimal,streptomycin,ecoff,ppv,1
BC-noanimal,streptomycin,ecoff,npv,1
BC-noanimal,streptomycin,ecoff,accuracy,1
BC-noanimal,streptomycin,ecoff,f_meas,1
BC-noanimal,ticarcillin_clavulanic_acid,ecoff,spec,0.8
BC-noanimal,ticarcillin_clavulanic_acid,ecoff,sens,0.96
BC-noanimal,ticarcillin_clavulanic_acid,ecoff,ppv,0.96
BC-noanimal,ticarcillin_clavulanic_acid,ecoff,npv,0.7999999999999997
BC-noanimal,ticarcillin_clavulanic_acid,ecoff,accuracy,0.9333333333333333
BC-noanimal,ticarcillin_clavulanic_acid,ecoff,f_meas,0.96
Full,amikacin,clsi,spec,1
Full,amikacin,clsi,sens,0.7761194029850746
Full,amikacin,clsi,ppv,1
Full,amikacin,clsi,npv,0.1176470588235295
Full,amikacin,clsi,accuracy,0.782608695652174
Full,amikacin,clsi,f_meas,0.8739495798319328
Full,amoxicillin_clavulanic_acid,clsi,spec,0.2765957446808511
Full,amoxicillin_clavulanic_acid,clsi,sens,0.8095238095238095
Full,amoxicillin_clavulanic_acid,clsi,ppv,0.3333333333333333
Full,amoxicillin_clavulanic_acid,clsi,npv,0.7647058823529412
Full,amoxicillin_clavulanic_acid,clsi,accuracy,0.4411764705882353
Full,amoxicillin_clavulanic_acid,clsi,f_meas,0.4722222222222222
Full,ampicillin,clsi,spec,0.7946428571428571
Full,ampicillin,clsi,sens,0.9166666666666666
Full,ampicillin,clsi,ppv,0.3235294117647058
Full,ampicillin,clsi,npv,0.9888888888888889
Full,ampicillin,clsi,accuracy,0.8064516129032258
Full,ampicillin,clsi,f_meas,0.4782608695652174
Full,cefazolin,clsi,spec,0.7727272727272727
Full,cefazolin,clsi,sens,0.88
Full,cefazolin,clsi,ppv,0.8148148148148148
Full,cefazolin,clsi,npv,0.8500000000000001
Full,cefazolin,clsi,accuracy,0.8297872340425532
Full,cefazolin,clsi,f_meas,0.8461538461538461
Full,cefovecin,clsi,spec,1
Full,cefovecin,clsi,sens,1
Full,cefovecin,clsi,ppv,1
Full,cefovecin,clsi,npv,1
Full,cefovecin,clsi,accuracy,1
Full,cefovecin,clsi,f_meas,1
Full,cefpodoxime,clsi,spec,0.8333333333333334
Full,cefpodoxime,clsi,sens,1
Full,cefpodoxime,clsi,ppv,0.9333333333333332
Full,cefpodoxime,clsi,npv,1
Full,cefpodoxime,clsi,accuracy,0.95
Full,cefpodoxime,clsi,f_meas,0.9655172413793104
Full,ceftazidime,clsi,spec,1
Full,ceftazidime,clsi,sens,0.9473684210526315
Full,ceftazidime,clsi,ppv,1
Full,ceftazidime,clsi,npv,0.8749999999999999
Full,ceftazidime,clsi,accuracy,0.9615384615384616
Full,ceftazidime,clsi,f_meas,0.972972972972973
Full,cephalexin,clsi,spec,0.5
Full,cephalexin,clsi,sens,0.7
Full,cephalexin,clsi,ppv,0.35
Full,cephalexin,clsi,npv,0.8125
Full,cephalexin,clsi,accuracy,0.5555555555555556
Full,cephalexin,clsi,f_meas,0.4666666666666667
Full,enrofloxacin,clsi,spec,0.75
Full,enrofloxacin,clsi,sens,0.9024390243902439
Full,enrofloxacin,clsi,ppv,0.9487179487179488
Full,enrofloxacin,clsi,npv,0.6
Full,enrofloxacin,clsi,accuracy,0.8775510204081632
Full,enrofloxacin,clsi,f_meas,0.9249999999999999
Full,gentamicin,clsi,spec,0.9090909090909091
Full,gentamicin,clsi,sens,0.9655172413793104
Full,gentamicin,clsi,ppv,0.9824561403508772
Full,gentamicin,clsi,npv,0.8333333333333336
Full,gentamicin,clsi,accuracy,0.9565217391304348
Full,gentamicin,clsi,f_meas,0.9739130434782608
Full,marbofloxacin,clsi,spec,0.7777777777777778
Full,marbofloxacin,clsi,sens,0.9423076923076923
Full,marbofloxacin,clsi,ppv,0.9607843137254901
Full,marbofloxacin,clsi,npv,0.7
Full,marbofloxacin,clsi,accuracy,0.9180327868852459
Full,marbofloxacin,clsi,f_meas,0.9514563106796117
Full,orbifloxacin,clsi,spec,0.9
Full,orbifloxacin,clsi,sens,0.92
Full,orbifloxacin,clsi,ppv,0.9787234042553192
Full,orbifloxacin,clsi,npv,0.6923076923076923
Full,orbifloxacin,clsi,accuracy,0.9166666666666666
Full,orbifloxacin,clsi,f_meas,0.9484536082474226
Full,piperacillin_tazobactam,clsi,spec,1
Full,piperacillin_tazobactam,clsi,sens,0.8157894736842105
Full,piperacillin_tazobactam,clsi,ppv,1
Full,piperacillin_tazobactam,clsi,npv,0.12500000000000008
Full,piperacillin_tazobactam,clsi,accuracy,0.8205128205128205
Full,piperacillin_tazobactam,clsi,f_meas,0.898550724637681
Full,pradofloxacin,clsi,spec,0.8888888888888888
Full,pradofloxacin,clsi,sens,0.9230769230769231
Full,pradofloxacin,clsi,ppv,0.9795918367346939
Full,pradofloxacin,clsi,npv,0.6666666666666669
Full,pradofloxacin,clsi,accuracy,0.9180327868852459
Full,pradofloxacin,clsi,f_meas,0.9504950495049506
Full,ceftiofur,clsi,spec,0.8181818181818182
Full,ceftiofur,clsi,sens,0.8666666666666667
Full,ceftiofur,clsi,ppv,0.9285714285714287
Full,ceftiofur,clsi,npv,0.6923076923076924
Full,ceftiofur,clsi,accuracy,0.8536585365853658
Full,ceftiofur,clsi,f_meas,0.896551724137931
Full,ampicillin,ecoff,spec,0.7368421052631579
Full,ampicillin,ecoff,sens,1
Full,ampicillin,ecoff,ppv,0.7727272727272726
Full,ampicillin,ecoff,npv,1
Full,ampicillin,ecoff,accuracy,0.8611111111111112
Full,ampicillin,ecoff,f_meas,0.8717948717948718
Full,cefazolin,ecoff,spec,0.6666666666666666
Full,cefazolin,ecoff,sens,0.7666666666666667
Full,cefazolin,ecoff,ppv,0.9199999999999999
Full,cefazolin,ecoff,npv,0.36363636363636365
Full,cefazolin,ecoff,accuracy,0.75
Full,cefazolin,ecoff,f_meas,0.8363636363636363
Full,cefpodoxime,ecoff,spec,0.75
Full,cefpodoxime,ecoff,sens,0.9032258064516129
Full,cefpodoxime,ecoff,ppv,0.9655172413793103
Full,cefpodoxime,ecoff,npv,0.5
Full,cefpodoxime,ecoff,accuracy,0.8857142857142857
Full,cefpodoxime,ecoff,f_meas,0.9333333333333333
Full,ceftazidime,ecoff,spec,0.9
Full,ceftazidime,ecoff,sens,0.9615384615384616
Full,ceftazidime,ecoff,ppv,0.9615384615384616
Full,ceftazidime,ecoff,npv,0.9000000000000001
Full,ceftazidime,ecoff,accuracy,0.9444444444444444
Full,ceftazidime,ecoff,f_meas,0.9615384615384616
Full,chloramphenicol,ecoff,spec,0.9090909090909091
Full,chloramphenicol,ecoff,sens,0.9139784946236559
Full,chloramphenicol,ecoff,ppv,0.9883720930232559
Full,chloramphenicol,ecoff,npv,0.5555555555555554
Full,chloramphenicol,ecoff,accuracy,0.9134615384615384
Full,chloramphenicol,ecoff,f_meas,0.9497206703910613
Full,doxycycline,ecoff,spec,0.8571428571428571
Full,doxycycline,ecoff,sens,0.95
Full,doxycycline,ecoff,ppv,0.9661016949152542
Full,doxycycline,ecoff,npv,0.7999999999999998
Full,doxycycline,ecoff,accuracy,0.9324324324324325
Full,doxycycline,ecoff,f_meas,0.957983193277311
Full,enrofloxacin,ecoff,spec,0.5263157894736842
Full,enrofloxacin,ecoff,sens,0.96
Full,enrofloxacin,ecoff,ppv,0.8421052631578947
Full,enrofloxacin,ecoff,npv,0.8333333333333333
Full,enrofloxacin,ecoff,accuracy,0.8405797101449275
Full,enrofloxacin,ecoff,f_meas,0.8971962616822429
Full,gentamicin,ecoff,spec,1
Full,gentamicin,ecoff,sens,0.9509803921568627
Full,gentamicin,ecoff,ppv,1
Full,gentamicin,ecoff,npv,0.8214285714285713
Full,gentamicin,ecoff,accuracy,0.96
Full,gentamicin,ecoff,f_meas,0.9748743718592965
Full,tetracycline,ecoff,spec,0.9444444444444444
Full,tetracycline,ecoff,sens,0.963963963963964
Full,tetracycline,ecoff,ppv,0.9727272727272728
Full,tetracycline,ecoff,npv,0.9272727272727272
Full,tetracycline,ecoff,accuracy,0.9575757575757575
Full,tetracycline,ecoff,f_meas,0.9683257918552037
Full,trimethoprim_sulfamethoxazole,ecoff,spec,0.9024390243902439
Full,trimethoprim_sulfamethoxazole,ecoff,sens,0.990990990990991
Full,trimethoprim_sulfamethoxazole,ecoff,ppv,0.9649122807017544
Full,trimethoprim_sulfamethoxazole,ecoff,npv,0.9736842105263158
Full,trimethoprim_sulfamethoxazole,ecoff,accuracy,0.9671052631578947
Full,trimethoprim_sulfamethoxazole,ecoff,f_meas,0.9777777777777777
Full,amoxicillin,ecoff,spec,0.9166666666666666
Full,amoxicillin,ecoff,sens,0.9545454545454546
Full,amoxicillin,ecoff,ppv,0.9545454545454546
Full,amoxicillin,ecoff,npv,0.9166666666666667
Full,amoxicillin,ecoff,accuracy,0.9411764705882353
Full,amoxicillin,ecoff,f_meas,0.9545454545454546
Full,ceftiofur,ecoff,spec,0.6666666666666666
Full,ceftiofur,ecoff,sens,0.8823529411764706
Full,ceftiofur,ecoff,ppv,0.9230769230769231
Full,ceftiofur,ecoff,npv,0.5555555555555556
Full,ceftiofur,ecoff,accuracy,0.8433734939759037
Full,ceftiofur,ecoff,f_meas,0.9022556390977443
Full,neomycin,ecoff,spec,0.7307692307692307
Full,neomycin,ecoff,sens,0.9411764705882353
Full,neomycin,ecoff,ppv,0.9014084507042254
Full,neomycin,ecoff,npv,0.8260869565217391
Full,neomycin,ecoff,accuracy,0.8829787234042553
Full,neomycin,ecoff,f_meas,0.920863309352518
Full,spectinomycin,ecoff,spec,1
Full,spectinomycin,ecoff,sens,0.8656716417910447
Full,spectinomycin,ecoff,ppv,1
Full,spectinomycin,ecoff,npv,0.689655172413793
Full,spectinomycin,ecoff,accuracy,0.896551724137931
Full,spectinomycin,ecoff,f_meas,0.928
Full,streptomycin,ecoff,spec,0.8888888888888888
Full,streptomycin,ecoff,sens,0.9166666666666666
Full,streptomycin,ecoff,ppv,0.9565217391304348
Full,streptomycin,ecoff,npv,0.7999999999999999
Full,streptomycin,ecoff,accuracy,0.9090909090909091
Full,streptomycin,ecoff,f_meas,0.9361702127659574
Full,ticarcillin_clavulanic_acid,ecoff,spec,0.6
Full,ticarcillin_clavulanic_acid,ecoff,sens,0.92
Full,ticarcillin_clavulanic_acid,ecoff,ppv,0.92
Full,ticarcillin_clavulanic_acid,ecoff,npv,0.6
Full,ticarcillin_clavulanic_acid,ecoff,accuracy,0.8666666666666667
Full,ticarcillin_clavulanic_acid,ecoff,f_meas,0.92
Only-Count,amikacin,clsi,spec,1
Only-Count,amikacin,clsi,sens,0.9253731343283582
Only-Count,amikacin,clsi,ppv,1
Only-Count,amikacin,clsi,npv,0.28571428571428586
Only-Count,amikacin,clsi,accuracy,0.927536231884058
Only-Count,amikacin,clsi,f_meas,0.9612403100775194
Only-Count,amoxicillin_clavulanic_acid,clsi,spec,0.723404255319149
Only-Count,amoxicillin_clavulanic_acid,clsi,sens,0.7142857142857143
Only-Count,amoxicillin_clavulanic_acid,clsi,ppv,0.5357142857142858
Only-Count,amoxicillin_clavulanic_acid,clsi,npv,0.85
Only-Count,amoxicillin_clavulanic_acid,clsi,accuracy,0.7205882352941176
Only-Count,amoxicillin_clavulanic_acid,clsi,f_meas,0.6122448979591837
Only-Count,ampicillin,clsi,spec,0.8660714285714286
Only-Count,ampicillin,clsi,sens,0.9166666666666666
Only-Count,ampicillin,clsi,ppv,0.42307692307692313
Only-Count,ampicillin,clsi,npv,0.9897959183673469
Only-Count,ampicillin,clsi,accuracy,0.8709677419354839
Only-Count,ampicillin,clsi,f_meas,0.5789473684210527
Only-Count,cefazolin,clsi,spec,0.7272727272727273
Only-Count,cefazolin,clsi,sens,0.88
Only-Count,cefazolin,clsi,ppv,0.7857142857142858
Only-Count,cefazolin,clsi,npv,0.8421052631578948
Only-Count,cefazolin,clsi,accuracy,0.8085106382978723
Only-Count,cefazolin,clsi,f_meas,0.830188679245283
Only-Count,cefovecin,clsi,spec,1
Only-Count,cefovecin,clsi,sens,0.8571428571428571
Only-Count,cefovecin,clsi,ppv,1
Only-Count,cefovecin,clsi,npv,0.6666666666666665
Only-Count,cefovecin,clsi,accuracy,0.8888888888888888
Only-Count,cefovecin,clsi,f_meas,0.923076923076923
Only-Count,cefpodoxime,clsi,spec,0.9166666666666666
Only-Count,cefpodoxime,clsi,sens,0.8928571428571429
Only-Count,cefpodoxime,clsi,ppv,0.9615384615384615
Only-Count,cefpodoxime,clsi,npv,0.7857142857142858
Only-Count,cefpodoxime,clsi,accuracy,0.9
Only-Count,cefpodoxime,clsi,f_meas,0.9259259259259259
Only-Count,ceftazidime,clsi,spec,1
Only-Count,ceftazidime,clsi,sens,0.8947368421052632
Only-Count,ceftazidime,clsi,ppv,1
Only-Count,ceftazidime,clsi,npv,0.7777777777777778
Only-Count,ceftazidime,clsi,accuracy,0.9230769230769231
Only-Count,ceftazidime,clsi,f_meas,0.9444444444444444
Only-Count,cephalexin,clsi,spec,0.7692307692307693
Only-Count,cephalexin,clsi,sens,1
Only-Count,cephalexin,clsi,ppv,0.6250000000000001
Only-Count,cephalexin,clsi,npv,1
Only-Count,cephalexin,clsi,accuracy,0.8333333333333334
Only-Count,cephalexin,clsi,f_meas,0.7692307692307693
Only-Count,enrofloxacin,clsi,spec,1
Only-Count,enrofloxacin,clsi,sens,1
Only-Count,enrofloxacin,clsi,ppv,1
Only-Count,enrofloxacin,clsi,npv,1
Only-Count,enrofloxacin,clsi,accuracy,1
Only-Count,enrofloxacin,clsi,f_meas,1
Only-Count,gentamicin,clsi,spec,0.9090909090909091
Only-Count,gentamicin,clsi,sens,1
Only-Count,gentamicin,clsi,ppv,0.983050847457627
Only-Count,gentamicin,clsi,npv,1
Only-Count,gentamicin,clsi,accuracy,0.9855072463768116
Only-Count,gentamicin,clsi,f_meas,0.9914529914529915
Only-Count,marbofloxacin,clsi,spec,1
Only-Count,marbofloxacin,clsi,sens,1
Only-Count,marbofloxacin,clsi,ppv,1
Only-Count,marbofloxacin,clsi,npv,1
Only-Count,marbofloxacin,clsi,accuracy,1
Only-Count,marbofloxacin,clsi,f_meas,1
Only-Count,orbifloxacin,clsi,spec,1
Only-Count,orbifloxacin,clsi,sens,1
Only-Count,orbifloxacin,clsi,ppv,1
Only-Count,orbifloxacin,clsi,npv,1
Only-Count,orbifloxacin,clsi,accuracy,1
Only-Count,orbifloxacin,clsi,f_meas,1
Only-Count,piperacillin_tazobactam,clsi,spec,1
Only-Count,piperacillin_tazobactam,clsi,sens,0.868421052631579
Only-Count,piperacillin_tazobactam,clsi,ppv,1
Only-Count,piperacillin_tazobactam,clsi,npv,0.16666666666666682
Only-Count,piperacillin_tazobactam,clsi,accuracy,0.8717948717948718
Only-Count,piperacillin_tazobactam,clsi,f_meas,0.9295774647887324
Only-Count,pradofloxacin,clsi,spec,1
Only-Count,pradofloxacin,clsi,sens,0.9807692307692307
Only-Count,pradofloxacin,clsi,ppv,1
Only-Count,pradofloxacin,clsi,npv,0.8999999999999998
Only-Count,pradofloxacin,clsi,accuracy,0.9836065573770492
Only-Count,pradofloxacin,clsi,f_meas,0.9902912621359222
Only-Count,ceftiofur,clsi,spec,0.9090909090909091
Only-Count,ceftiofur,clsi,sens,0.7666666666666667
Only-Count,ceftiofur,clsi,ppv,0.9583333333333333
Only-Count,ceftiofur,clsi,npv,0.5882352941176472
Only-Count,ceftiofur,clsi,accuracy,0.8048780487804879
Only-Count,ceftiofur,clsi,f_meas,0.8518518518518519
Only-Count,ampicillin,ecoff,spec,0.7894736842105263
Only-Count,ampicillin,ecoff,sens,1
Only-Count,ampicillin,ecoff,ppv,0.8095238095238096
Only-Count,ampicillin,ecoff,npv,1
Only-Count,ampicillin,ecoff,accuracy,0.8888888888888888
Only-Count,ampicillin,ecoff,f_meas,0.8947368421052632
Only-Count,cefazolin,ecoff,spec,0.6666666666666666
Only-Count,cefazolin,ecoff,sens,0.8
Only-Count,cefazolin,ecoff,ppv,0.923076923076923
Only-Count,cefazolin,ecoff,npv,0.4
Only-Count,cefazolin,ecoff,accuracy,0.7777777777777778
Only-Count,cefazolin,ecoff,f_meas,0.8571428571428571
Only-Count,cefpodoxime,ecoff,spec,0.75
Only-Count,cefpodoxime,ecoff,sens,0.9354838709677419
Only-Count,cefpodoxime,ecoff,ppv,0.9666666666666667
Only-Count,cefpodoxime,ecoff,npv,0.5999999999999999
Only-Count,cefpodoxime,ecoff,accuracy,0.9142857142857143
Only-Count,cefpodoxime,ecoff,f_meas,0.9508196721311476
Only-Count,ceftazidime,ecoff,spec,0.9
Only-Count,ceftazidime,ecoff,sens,0.8846153846153846
Only-Count,ceftazidime,ecoff,ppv,0.9583333333333333
Only-Count,ceftazidime,ecoff,npv,0.7499999999999999
Only-Count,ceftazidime,ecoff,accuracy,0.8888888888888888
Only-Count,ceftazidime,ecoff,f_meas,0.9199999999999999
Only-Count,chloramphenicol,ecoff,spec,1
Only-Count,chloramphenicol,ecoff,sens,0.9354838709677419
Only-Count,chloramphenicol,ecoff,ppv,1
Only-Count,chloramphenicol,ecoff,npv,0.6470588235294115
Only-Count,chloramphenicol,ecoff,accuracy,0.9423076923076923
Only-Count,chloramphenicol,ecoff,f_meas,0.9666666666666666
Only-Count,doxycycline,ecoff,spec,0.8571428571428571
Only-Count,doxycycline,ecoff,sens,0.9833333333333333
Only-Count,doxycycline,ecoff,ppv,0.9672131147540983
Only-Count,doxycycline,ecoff,npv,0.9230769230769229
Only-Count,doxycycline,ecoff,accuracy,0.9594594594594594
Only-Count,doxycycline,ecoff,f_meas,0.9752066115702478
Only-Count,enrofloxacin,ecoff,spec,1
Only-Count,enrofloxacin,ecoff,sens,0.98
Only-Count,enrofloxacin,ecoff,ppv,1
Only-Count,enrofloxacin,ecoff,npv,0.95
Only-Count,enrofloxacin,ecoff,accuracy,0.9855072463768116
Only-Count,enrofloxacin,ecoff,f_meas,0.98989898989899
Only-Count,gentamicin,ecoff,spec,1
Only-Count,gentamicin,ecoff,sens,0.9607843137254902
Only-Count,gentamicin,ecoff,ppv,1
Only-Count,gentamicin,ecoff,npv,0.851851851851852
Only-Count,gentamicin,ecoff,accuracy,0.968
Only-Count,gentamicin,ecoff,f_meas,0.98
Only-Count,tetracycline,ecoff,spec,0.9814814814814815
Only-Count,tetracycline,ecoff,sens,0.9819819819819819
Only-Count,tetracycline,ecoff,ppv,0.9909090909090909
Only-Count,tetracycline,ecoff,npv,0.9636363636363636
Only-Count,tetracycline,ecoff,accuracy,0.9818181818181818
Only-Count,tetracycline,ecoff,f_meas,0.9864253393665158
Only-Count,trimethoprim_sulfamethoxazole,ecoff,spec,1
Only-Count,trimethoprim_sulfamethoxazole,ecoff,sens,1
Only-Count,trimethoprim_sulfamethoxazole,ecoff,ppv,1
Only-Count,trimethoprim_sulfamethoxazole,ecoff,npv,1
Only-Count,trimethoprim_sulfamethoxazole,ecoff,accuracy,1
Only-Count,trimethoprim_sulfamethoxazole,ecoff,f_meas,1
Only-Count,amoxicillin,ecoff,spec,1
Only-Count,amoxicillin,ecoff,sens,0.9545454545454546
Only-Count,amoxicillin,ecoff,ppv,1
Only-Count,amoxicillin,ecoff,npv,0.9230769230769232
Only-Count,amoxicillin,ecoff,accuracy,0.9705882352941176
Only-Count,amoxicillin,ecoff,f_meas,0.9767441860465117
Only-Count,ceftiofur,ecoff,spec,0.8
Only-Count,ceftiofur,ecoff,sens,0.8529411764705882
Only-Count,ceftiofur,ecoff,ppv,0.9508196721311475
Only-Count,ceftiofur,ecoff,npv,0.5454545454545454
Only-Count,ceftiofur,ecoff,accuracy,0.8433734939759037
Only-Count,ceftiofur,ecoff,f_meas,0.8992248062015503
Only-Count,neomycin,ecoff,spec,1
Only-Count,neomycin,ecoff,sens,1
Only-Count,neomycin,ecoff,ppv,1
Only-Count,neomycin,ecoff,npv,1
Only-Count,neomycin,ecoff,accuracy,1
Only-Count,neomycin,ecoff,f_meas,1
Only-Count,spectinomycin,ecoff,spec,1
Only-Count,spectinomycin,ecoff,sens,0.8656716417910447
Only-Count,spectinomycin,ecoff,ppv,1
Only-Count,spectinomycin,ecoff,npv,0.689655172413793
Only-Count,spectinomycin,ecoff,accuracy,0.896551724137931
Only-Count,spectinomycin,ecoff,f_meas,0.928
Only-Count,streptomycin,ecoff,spec,0.8888888888888888
Only-Count,streptomycin,ecoff,sens,0.9583333333333334
Only-Count,streptomycin,ecoff,ppv,0.9583333333333334
Only-Count,streptomycin,ecoff,npv,0.8888888888888888
Only-Count,streptomycin,ecoff,accuracy,0.9393939393939394
Only-Count,streptomycin,ecoff,f_meas,0.9583333333333334
Only-Count,ticarcillin_clavulanic_acid,ecoff,spec,0.6
Only-Count,ticarcillin_clavulanic_acid,ecoff,sens,0.92
Only-Count,ticarcillin_clavulanic_acid,ecoff,ppv,0.92
Only-Count,ticarcillin_clavulanic_acid,ecoff,npv,0.6
Only-Count,ticarcillin_clavulanic_acid,ecoff,accuracy,0.8666666666666667
Only-Count,ticarcillin_clavulanic_acid,ecoff,f_meas,0.92
Only-Binary,amikacin,clsi,spec,1
Only-Binary,amikacin,clsi,sens,0.5970149253731343
Only-Binary,amikacin,clsi,ppv,1
Only-Binary,amikacin,clsi,npv,0.06896551724137935
Only-Binary,amikacin,clsi,accuracy,0.6086956521739131
Only-Binary,amikacin,clsi,f_meas,0.7476635514018691
Only-Binary,amoxicillin_clavulanic_acid,clsi,spec,1
Only-Binary,amoxicillin_clavulanic_acid,clsi,sens,0.14285714285714285
Only-Binary,amoxicillin_clavulanic_acid,clsi,ppv,1
Only-Binary,amoxicillin_clavulanic_acid,clsi,npv,0.7230769230769231
Only-Binary,amoxicillin_clavulanic_acid,clsi,accuracy,0.7352941176470589
Only-Binary,amoxicillin_clavulanic_acid,clsi,f_meas,0.25
Only-Binary,ampicillin,clsi,spec,0.7857142857142857
Only-Binary,ampicillin,clsi,sens,0.9166666666666666
Only-Binary,ampicillin,clsi,ppv,0.3142857142857142
Only-Binary,ampicillin,clsi,npv,0.9887640449438202
Only-Binary,ampicillin,clsi,accuracy,0.7983870967741935
Only-Binary,ampicillin,clsi,f_meas,0.4680851063829787
Only-Binary,cefazolin,clsi,spec,0.22727272727272727
Only-Binary,cefazolin,clsi,sens,0.96
Only-Binary,cefazolin,clsi,ppv,0.5853658536585366
Only-Binary,cefazolin,clsi,npv,0.8333333333333333
Only-Binary,cefazolin,clsi,accuracy,0.6170212765957447
Only-Binary,cefazolin,clsi,f_meas,0.7272727272727272
Only-Binary,cefovecin,clsi,spec,0.5
Only-Binary,cefovecin,clsi,sens,0.5238095238095238
Only-Binary,cefovecin,clsi,ppv,0.7857142857142857
Only-Binary,cefovecin,clsi,npv,0.23076923076923078
Only-Binary,cefovecin,clsi,accuracy,0.5185185185185185
Only-Binary,cefovecin,clsi,f_meas,0.6285714285714286
Only-Binary,cefpodoxime,clsi,spec,1
Only-Binary,cefpodoxime,clsi,sens,0.2857142857142857
Only-Binary,cefpodoxime,clsi,ppv,1
Only-Binary,cefpodoxime,clsi,npv,0.37500000000000006
Only-Binary,cefpodoxime,clsi,accuracy,0.5
Only-Binary,cefpodoxime,clsi,f_meas,0.4444444444444445
Only-Binary,ceftazidime,clsi,spec,1
Only-Binary,ceftazidime,clsi,sens,0.3684210526315789
Only-Binary,ceftazidime,clsi,ppv,1
Only-Binary,ceftazidime,clsi,npv,0.368421052631579
Only-Binary,ceftazidime,clsi,accuracy,0.5384615384615384
Only-Binary,ceftazidime,clsi,f_meas,0.5384615384615384
Only-Binary,cephalexin,clsi,spec,1
Only-Binary,cephalexin,clsi,sens,0.4
Only-Binary,cephalexin,clsi,ppv,1
Only-Binary,cephalexin,clsi,npv,0.8125
Only-Binary,cephalexin,clsi,accuracy,0.8333333333333334
Only-Binary,cephalexin,clsi,f_meas,0.5714285714285715
Only-Binary,enrofloxacin,clsi,spec,0.875
Only-Binary,enrofloxacin,clsi,sens,0.5853658536585366
Only-Binary,enrofloxacin,clsi,ppv,0.96
Only-Binary,enrofloxacin,clsi,npv,0.2916666666666666
Only-Binary,enrofloxacin,clsi,accuracy,0.6326530612244898
Only-Binary,enrofloxacin,clsi,f_meas,0.7272727272727272
Only-Binary,gentamicin,clsi,spec,0.8181818181818182
Only-Binary,gentamicin,clsi,sens,1
Only-Binary,gentamicin,clsi,ppv,0.9666666666666667
Only-Binary,gentamicin,clsi,npv,1
Only-Binary,gentamicin,clsi,accuracy,0.9710144927536232
Only-Binary,gentamicin,clsi,f_meas,0.983050847457627
Only-Binary,marbofloxacin,clsi,spec,1
Only-Binary,marbofloxacin,clsi,sens,0.3076923076923077
Only-Binary,marbofloxacin,clsi,ppv,1
Only-Binary,marbofloxacin,clsi,npv,0.20000000000000007
Only-Binary,marbofloxacin,clsi,accuracy,0.4098360655737705
Only-Binary,marbofloxacin,clsi,f_meas,0.47058823529411764
Only-Binary,orbifloxacin,clsi,spec,1
Only-Binary,orbifloxacin,clsi,sens,0.46
Only-Binary,orbifloxacin,clsi,ppv,1
Only-Binary,orbifloxacin,clsi,npv,0.2702702702702702
Only-Binary,orbifloxacin,clsi,accuracy,0.55
Only-Binary,orbifloxacin,clsi,f_meas,0.6301369863013699
Only-Binary,piperacillin_tazobactam,clsi,spec,1
Only-Binary,piperacillin_tazobactam,clsi,sens,0.18421052631578946
Only-Binary,piperacillin_tazobactam,clsi,ppv,1
Only-Binary,piperacillin_tazobactam,clsi,npv,0.03125000000000003
Only-Binary,piperacillin_tazobactam,clsi,accuracy,0.20512820512820512
Only-Binary,piperacillin_tazobactam,clsi,f_meas,0.3111111111111111
Only-Binary,pradofloxacin,clsi,spec,0.8888888888888888
Only-Binary,pradofloxacin,clsi,sens,0.3269230769230769
Only-Binary,pradofloxacin,clsi,ppv,0.9444444444444444
Only-Binary,pradofloxacin,clsi,npv,0.18604651162790703
Only-Binary,pradofloxacin,clsi,accuracy,0.4098360655737705
Only-Binary,pradofloxacin,clsi,f_meas,0.48571428571428577
Only-Binary,ceftiofur,clsi,spec,1
Only-Binary,ceftiofur,clsi,sens,0.13333333333333333
Only-Binary,ceftiofur,clsi,ppv,1
Only-Binary,ceftiofur,clsi,npv,0.2972972972972973
Only-Binary,ceftiofur,clsi,accuracy,0.36585365853658536
Only-Binary,ceftiofur,clsi,f_meas,0.23529411764705882
Only-Binary,ampicillin,ecoff,spec,0.5789473684210527
Only-Binary,ampicillin,ecoff,sens,0.7058823529411765
Only-Binary,ampicillin,ecoff,ppv,0.6000000000000001
Only-Binary,ampicillin,ecoff,npv,0.6875000000000001
Only-Binary,ampicillin,ecoff,accuracy,0.6388888888888888
Only-Binary,ampicillin,ecoff,f_meas,0.6486486486486486
Only-Binary,cefazolin,ecoff,spec,1
Only-Binary,cefazolin,ecoff,sens,0.26666666666666666
Only-Binary,cefazolin,ecoff,ppv,1
Only-Binary,cefazolin,ecoff,npv,0.21428571428571425
Only-Binary,cefazolin,ecoff,accuracy,0.3888888888888889
Only-Binary,cefazolin,ecoff,f_meas,0.4210526315789474
Only-Binary,cefpodoxime,ecoff,spec,1
Only-Binary,cefpodoxime,ecoff,sens,0.4838709677419355
Only-Binary,cefpodoxime,ecoff,ppv,1
Only-Binary,cefpodoxime,ecoff,npv,0.20000000000000007
Only-Binary,cefpodoxime,ecoff,accuracy,0.5428571428571428
Only-Binary,cefpodoxime,ecoff,f_meas,0.6521739130434783
Only-Binary,ceftazidime,ecoff,spec,0.6
Only-Binary,ceftazidime,ecoff,sens,1
Only-Binary,ceftazidime,ecoff,ppv,0.8666666666666666
Only-Binary,ceftazidime,ecoff,npv,1
Only-Binary,ceftazidime,ecoff,accuracy,0.8888888888888888
Only-Binary,ceftazidime,ecoff,f_meas,0.9285714285714286
Only-Binary,chloramphenicol,ecoff,spec,0.9090909090909091
Only-Binary,chloramphenicol,ecoff,sens,1
Only-Binary,chloramphenicol,ecoff,ppv,0.9893617021276596
Only-Binary,chloramphenicol,ecoff,npv,1
Only-Binary,chloramphenicol,ecoff,accuracy,0.9903846153846154
Only-Binary,chloramphenicol,ecoff,f_meas,0.9946524064171123
Only-Binary,doxycycline,ecoff,spec,0.8571428571428571
Only-Binary,doxycycline,ecoff,sens,0.9833333333333333
Only-Binary,doxycycline,ecoff,ppv,0.9672131147540983
Only-Binary,doxycycline,ecoff,npv,0.9230769230769229
Only-Binary,doxycycline,ecoff,accuracy,0.9594594594594594
Only-Binary,doxycycline,ecoff,f_meas,0.9752066115702478
Only-Binary,enrofloxacin,ecoff,spec,0.15789473684210525
Only-Binary,enrofloxacin,ecoff,sens,1
Only-Binary,enrofloxacin,ecoff,ppv,0.7575757575757576
Only-Binary,enrofloxacin,ecoff,npv,1
Only-Binary,enrofloxacin,ecoff,accuracy,0.7681159420289855
Only-Binary,enrofloxacin,ecoff,f_meas,0.8620689655172413
Only-Binary,gentamicin,ecoff,spec,0.9565217391304348
Only-Binary,gentamicin,ecoff,sens,0.9901960784313726
Only-Binary,gentamicin,ecoff,ppv,0.9901960784313726
Only-Binary,gentamicin,ecoff,npv,0.9565217391304349
Only-Binary,gentamicin,ecoff,accuracy,0.984
Only-Binary,gentamicin,ecoff,f_meas,0.9901960784313726
Only-Binary,tetracycline,ecoff,spec,0.9814814814814815
Only-Binary,tetracycline,ecoff,sens,0.9819819819819819
Only-Binary,tetracycline,ecoff,ppv,0.9909090909090909
Only-Binary,tetracycline,ecoff,npv,0.9636363636363636
Only-Binary,tetracycline,ecoff,accuracy,0.9818181818181818
Only-Binary,tetracycline,ecoff,f_meas,0.9864253393665158
Only-Binary,trimethoprim_sulfamethoxazole,ecoff,spec,0.9512195121951219
Only-Binary,trimethoprim_sulfamethoxazole,ecoff,sens,1
Only-Binary,trimethoprim_sulfamethoxazole,ecoff,ppv,0.9823008849557522
Only-Binary,trimethoprim_sulfamethoxazole,ecoff,npv,1
Only-Binary,trimethoprim_sulfamethoxazole,ecoff,accuracy,0.9868421052631579
Only-Binary,trimethoprim_sulfamethoxazole,ecoff,f_meas,0.9910714285714286
Only-Binary,amoxicillin,ecoff,spec,1
Only-Binary,amoxicillin,ecoff,sens,0.5
Only-Binary,amoxicillin,ecoff,ppv,1
Only-Binary,amoxicillin,ecoff,npv,0.5217391304347825
Only-Binary,amoxicillin,ecoff,accuracy,0.6764705882352942
Only-Binary,amoxicillin,ecoff,f_meas,0.6666666666666666
Only-Binary,ceftiofur,ecoff,spec,0.8
Only-Binary,ceftiofur,ecoff,sens,0.6617647058823529
Only-Binary,ceftiofur,ecoff,ppv,0.9375
Only-Binary,ceftiofur,ecoff,npv,0.34285714285714286
Only-Binary,ceftiofur,ecoff,accuracy,0.6867469879518072
Only-Binary,ceftiofur,ecoff,f_meas,0.7758620689655172
Only-Binary,neomycin,ecoff,spec,0.8076923076923077
Only-Binary,neomycin,ecoff,sens,1
Only-Binary,neomycin,ecoff,ppv,0.9315068493150684
Only-Binary,neomycin,ecoff,npv,1
Only-Binary,neomycin,ecoff,accuracy,0.9468085106382979
Only-Binary,neomycin,ecoff,f_meas,0.9645390070921985
Only-Binary,spectinomycin,ecoff,spec,1
Only-Binary,spectinomycin,ecoff,sens,0.8656716417910447
Only-Binary,spectinomycin,ecoff,ppv,1
Only-Binary,spectinomycin,ecoff,npv,0.689655172413793
Only-Binary,spectinomycin,ecoff,accuracy,0.896551724137931
Only-Binary,spectinomycin,ecoff,f_meas,0.928
Only-Binary,streptomycin,ecoff,spec,0.8888888888888888
Only-Binary,streptomycin,ecoff,sens,0.9583333333333334
Only-Binary,streptomycin,ecoff,ppv,0.9583333333333334
Only-Binary,streptomycin,ecoff,npv,0.8888888888888888
Only-Binary,streptomycin,ecoff,accuracy,0.9393939393939394
Only-Binary,streptomycin,ecoff,f_meas,0.9583333333333334
Only-Binary,ticarcillin_clavulanic_acid,ecoff,spec,1
Only-Binary,ticarcillin_clavulanic_acid,ecoff,sens,0.32
Only-Binary,ticarcillin_clavulanic_acid,ecoff,ppv,1
Only-Binary,ticarcillin_clavulanic_acid,ecoff,npv,0.22727272727272724
Only-Binary,ticarcillin_clavulanic_acid,ecoff,accuracy,0.43333333333333335
Only-Binary,ticarcillin_clavulanic_acid,ecoff,f_meas,0.48484848484848486
